run-id,use_vernalisation_fix,sowing-date,harvest-date,crop-id,sim.json,crop.json,site.json,incl_hist,climate_path_to_latlon_file,climate_path_to_csvs,gcm,rcm,scenario,ensmem,version,start_date,end_date,groundwater-level,impenetrable-layer,elevation,slope,latitude,landcover,fertilization,NitrogenResponseOn,irrigation,WaterDeficitResponseOn,EmergenceMoistureControlOn,EmergenceFloodingControlOn,LeafExtensionModifier,CO2,O3,FieldConditionModifier,StageTemperatureSum,comment,region_name
1,TRUE,fixed,auto,RYE,sim.json,crop.json,site.json,FALSE,dwd_core_ensemble,dwd_core_ensemble/csvs_dwd_core_ensemble,ICHEC-EC-EARTH,CLMcom-CCLM4-8-17,rcp85,r12i1p1,v1,2021-01-01,2099-12-31,MINMAX,FALSE,TRUE,TRUE,TRUE,FALSE,FALSE,TRUE,FALSE,TRUE,FALSE,FALSE,FALSE,,,1,,historic_runs,Brandenburg
2,TRUE,fixed,auto,RYE,sim.json,cropV.json,site.json,FALSE,dwd_core_ensemble,dwd_core_ensemble/csvs_dwd_core_ensemble,ICHEC-EC-EARTH,CLMcom-CCLM4-8-17,rcp26,r12i1p1,v1,2021-01-01,2099-12-31,MINMAX,FALSE,TRUE,TRUE,TRUE,FALSE,FALSE,TRUE,FALSE,TRUE,FALSE,FALSE,FALSE,,,0.73,100_256_230_100_267_25,historic_runs,Brandenburg
3,TRUE,fixed,auto,RYE,sim.json,crop.json,site.json,FALSE,dwd_core_ensemble,dwd_core_ensemble/csvs_dwd_core_ensemble,ICHEC-EC-EARTH,CLMcom-CCLM4-8-18,rcp26,r12i1p1,v1,2021-01-01,2099-12-31,MINMAX,FALSE,TRUE,TRUE,TRUE,FALSE,FALSE,TRUE,FALSE,TRUE,FALSE,FALSE,FALSE,,,0.73,100_256_230_100_267_25,historic_runs,Brandenburg
4,TRUE,fixed,auto,RYE,sim.json,crop.json,site.json,FALSE,dwd_core_ensemble,dwd_core_ensemble/csvs_dwd_core_ensemble,ICHEC-EC-EARTH,CLMcom-CCLM4-8-17,rcp45,r12i1p1,v1,2021-01-01,2099-12-31,MINMAX,FALSE,TRUE,TRUE,TRUE,FALSE,FALSE,TRUE,FALSE,TRUE,FALSE,FALSE,FALSE,,,0.73,100_256_230_100_267_25,historic_runs,Brandenburg
5,TRUE,fixed,auto,RYE,sim.json,crop.json,site.json,FALSE,dwd_core_ensemble,dwd_core_ensemble/csvs_dwd_core_ensemble,ICHEC-EC-EARTH,CLMcom-CCLM4-8-20,rcp45,r12i1p1,v1,2021-01-01,2099-12-31,FALSE,FALSE,TRUE,TRUE,TRUE,FALSE,FALSE,TRUE,FALSE,TRUE,FALSE,FALSE,FALSE,,,0.73,100_256_230_100_267_25,historic_runs,Brandenburg
6,TRUE,fixed,auto,RYE,sim.json,crop.json,site.json,FALSE,dwd_core_ensemble,dwd_core_ensemble/csvs_dwd_core_ensemble,ICHEC-EC-EARTH,CLMcom-CCLM4-8-21,rcp85,r12i1p1,v1,2021-01-01,2099-12-31,FALSE,FALSE,TRUE,TRUE,TRUE,FALSE,FALSE,TRUE,FALSE,TRUE,FALSE,FALSE,FALSE,,,0.73,100_256_230_100_267_25,historic_runs,Brandenburg
7,TRUE,fixed,auto,RYE,sim.json,crop.json,site.json,FALSE,dwd_core_ensemble,dwd_core_ensemble/csvs_dwd_core_ensemble,ICHEC-EC-EARTH,CLMcom-CCLM4-8-22,rcp45,r12i1p1,v1,2021-01-01,2099-12-31,FALSE,FALSE,TRUE,TRUE,TRUE,FALSE,FALSE,TRUE,FALSE,TRUE,FALSE,FALSE,FALSE,,,0.73,100_256_230_100_267_25,historic_runs,Brandenburg
8,TRUE,fixed,auto,RYE,sim.json,crop.json,site.json,FALSE,dwd_core_ensemble,dwd_core_ensemble/csvs_dwd_core_ensemble,ICHEC-EC-EARTH,CLMcom-CCLM4-8-23,rcp26,r12i1p1,v1,2021-01-01,2099-12-31,FALSE,FALSE,TRUE,TRUE,TRUE,FALSE,FALSE,TRUE,FALSE,TRUE,FALSE,FALSE,FALSE,,,0.73,100_256_230_100_267_25,historic_runs,Brandenburg
9,TRUE,fixed,auto,RYE,sim.json,crop.json,site.json,FALSE,dwd_core_ensemble,dwd_core_ensemble/csvs_dwd_core_ensemble,ICHEC-EC-EARTH,CLMcom-CCLM4-8-24,rcp85,r12i1p1,v1,2021-01-01,2099-12-31,FALSE,FALSE,TRUE,TRUE,TRUE,FALSE,FALSE,TRUE,FALSE,TRUE,FALSE,FALSE,FALSE,,,0.73,100_256_230_100_267_25,historic_runs,Brandenburg
10,TRUE,fixed,auto,RYE,sim.json,crop.json,site.json,FALSE,dwd_core_ensemble,dwd_core_ensemble/csvs_dwd_core_ensemble,ICHEC-EC-EARTH,CLMcom-CCLM4-8-25,rcp45,r12i1p1,v1,2021-01-01,2099-12-31,FALSE,FALSE,TRUE,TRUE,TRUE,FALSE,FALSE,TRUE,FALSE,TRUE,FALSE,FALSE,FALSE,,,0.73,100_256_230_100_267_25,historic_runs,Brandenburg
11,TRUE,fixed,auto,RYE,sim.json,crop.json,site.json,FALSE,dwd_core_ensemble,dwd_core_ensemble/csvs_dwd_core_ensemble,ICHEC-EC-EARTH,CLMcom-CCLM4-8-26,rcp85,r12i1p1,v1,2021-01-01,2099-12-31,FALSE,FALSE,TRUE,TRUE,TRUE,FALSE,FALSE,TRUE,FALSE,TRUE,FALSE,FALSE,FALSE,,,0.73,100_256_230_100_267_25,historic_runs,Brandenburg
12,TRUE,fixed,auto,RYE,sim.json,crop.json,site.json,FALSE,dwd_core_ensemble,dwd_core_ensemble/csvs_dwd_core_ensemble,ICHEC-EC-EARTH,CLMcom-CCLM4-8-27,rcp26,r12i1p1,v1,2021-01-01,2099-12-31,FALSE,FALSE,TRUE,TRUE,TRUE,FALSE,FALSE,TRUE,FALSE,TRUE,FALSE,FALSE,FALSE,,,0.73,100_256_230_100_267_25,historic_runs,Brandenburg
13,TRUE,fixed,auto,RYE,sim.json,crop.json,site.json,FALSE,dwd_core_ensemble,dwd_core_ensemble/csvs_dwd_core_ensemble,ICHEC-EC-EARTH,CLMcom-CCLM4-8-28,rcp26,r12i1p1,v1,2021-01-01,2099-12-31,FALSE,FALSE,TRUE,TRUE,TRUE,FALSE,FALSE,TRUE,FALSE,TRUE,FALSE,FALSE,FALSE,,,0.73,100_256_230_100_267_25,historic_runs,Brandenburg
14,TRUE,fixed,auto,RYE,sim.json,crop.json,site.json,FALSE,dwd_core_ensemble,dwd_core_ensemble/csvs_dwd_core_ensemble,ICHEC-EC-EARTH,CLMcom-CCLM4-8-29,rcp45,r12i1p1,v1,2021-01-01,2099-12-31,FALSE,FALSE,TRUE,TRUE,TRUE,FALSE,FALSE,TRUE,FALSE,TRUE,FALSE,FALSE,FALSE,,,0.73,100_256_230_100_267_25,historic_runs,Brandenburg
15,TRUE,fixed,auto,RYE,sim.json,crop.json,site.json,FALSE,dwd_core_ensemble,dwd_core_ensemble/csvs_dwd_core_ensemble,ICHEC-EC-EARTH,CLMcom-CCLM4-8-30,rcp45,r12i1p1,v1,2021-01-01,2099-12-31,FALSE,FALSE,TRUE,TRUE,TRUE,FALSE,FALSE,TRUE,FALSE,TRUE,FALSE,FALSE,FALSE,,,0.73,100_256_230_100_267_25,historic_runs,Brandenburg
16,TRUE,fixed,auto,RYE,sim.json,crop.json,site.json,FALSE,dwd_core_ensemble,dwd_core_ensemble/csvs_dwd_core_ensemble,ICHEC-EC-EARTH,CLMcom-CCLM4-8-31,rcp85,r12i1p1,v1,2021-01-01,2099-12-31,FALSE,FALSE,TRUE,TRUE,TRUE,FALSE,FALSE,TRUE,FALSE,TRUE,FALSE,FALSE,FALSE,,,0.73,100_256_230_100_267_25,historic_runs,Brandenburg
17,TRUE,fixed,auto,RYE,sim.json,crop.json,site.json,FALSE,dwd_core_ensemble,dwd_core_ensemble/csvs_dwd_core_ensemble,ICHEC-EC-EARTH,CLMcom-CCLM4-8-32,rcp85,r12i1p1,v1,2021-01-01,2099-12-31,FALSE,FALSE,TRUE,TRUE,TRUE,FALSE,FALSE,TRUE,FALSE,TRUE,FALSE,FALSE,FALSE,,,0.73,100_256_230_100_267_25,historic_runs,Brandenburg
18,TRUE,fixed,auto,RYE,sim.json,crop.json,site.json,FALSE,dwd_core_ensemble,dwd_core_ensemble/csvs_dwd_core_ensemble,ICHEC-EC-EARTH,CLMcom-CCLM4-8-33,rcp85,r12i1p1,v1,2021-01-01,2099-12-31,FALSE,FALSE,TRUE,TRUE,TRUE,FALSE,FALSE,TRUE,FALSE,TRUE,FALSE,FALSE,FALSE,,,0.73,100_256_230_100_267_25,historic_runs,Brandenburg
19,TRUE,fixed,auto,RYE,sim.json,crop.json,site.json,FALSE,dwd_core_ensemble,dwd_core_ensemble/csvs_dwd_core_ensemble,ICHEC-EC-EARTH,CLMcom-CCLM4-8-34,rcp26,r12i1p1,v1,2021-01-01,2099-12-31,FALSE,FALSE,TRUE,TRUE,TRUE,FALSE,FALSE,TRUE,FALSE,TRUE,FALSE,FALSE,FALSE,,,0.73,100_256_230_100_267_25,historic_runs,Brandenburg
20,TRUE,fixed,auto,RYE,sim.json,crop.json,site.json,FALSE,dwd_core_ensemble,dwd_core_ensemble/csvs_dwd_core_ensemble,ICHEC-EC-EARTH,CLMcom-CCLM4-8-35,rcp26,r12i1p1,v1,2021-01-01,2099-12-31,FALSE,FALSE,TRUE,TRUE,TRUE,FALSE,FALSE,TRUE,FALSE,TRUE,FALSE,FALSE,FALSE,,,0.73,100_256_230_100_267_25,historic_runs,Brandenburg
21,TRUE,fixed,auto,RYE,sim.json,crop.json,site.json,FALSE,dwd_core_ensemble,dwd_core_ensemble/csvs_dwd_core_ensemble,ICHEC-EC-EARTH,CLMcom-CCLM4-8-36,rcp45,r12i1p1,v1,2021-01-01,2099-12-31,FALSE,FALSE,TRUE,TRUE,TRUE,FALSE,FALSE,TRUE,FALSE,TRUE,FALSE,FALSE,FALSE,,,0.73,100_256_230_100_267_25,historic_runs,Brandenburg
22,TRUE,fixed,auto,RYE,sim.json,crop.json,site.json,FALSE,dwd_core_ensemble,dwd_core_ensemble/csvs_dwd_core_ensemble,ICHEC-EC-EARTH,CLMcom-CCLM4-8-37,rcp45,r12i1p1,v1,2021-01-01,2099-12-31,FALSE,FALSE,TRUE,TRUE,TRUE,FALSE,FALSE,TRUE,FALSE,TRUE,FALSE,FALSE,FALSE,,,0.73,100_256_230_100_267_25,historic_runs,Brandenburg
23,TRUE,fixed,auto,RYE,sim.json,crop.json,site.json,FALSE,dwd_core_ensemble,dwd_core_ensemble/csvs_dwd_core_ensemble,ICHEC-EC-EARTH,CLMcom-CCLM4-8-38,rcp85,r12i1p1,v1,2021-01-01,2099-12-31,FALSE,FALSE,TRUE,TRUE,TRUE,FALSE,FALSE,TRUE,FALSE,TRUE,FALSE,FALSE,FALSE,,,0.73,100_256_230_100_267_25,historic_runs,Brandenburg
24,TRUE,fixed,auto,RYE,sim.json,crop.json,site.json,FALSE,dwd_core_ensemble,dwd_core_ensemble/csvs_dwd_core_ensemble,ICHEC-EC-EARTH,CLMcom-CCLM4-8-39,rcp45,r12i1p1,v1,2021-01-01,2099-12-31,FALSE,FALSE,TRUE,TRUE,TRUE,FALSE,FALSE,TRUE,FALSE,TRUE,FALSE,FALSE,FALSE,,,0.73,100_256_230_100_267_25,historic_runs,Brandenburg
25,TRUE,fixed,auto,RYE,sim.json,crop.json,site.json,FALSE,dwd_core_ensemble,dwd_core_ensemble/csvs_dwd_core_ensemble,ICHEC-EC-EARTH,CLMcom-CCLM4-8-40,rcp26,r12i1p1,v1,2021-01-01,2099-12-31,FALSE,FALSE,TRUE,TRUE,TRUE,FALSE,FALSE,TRUE,FALSE,TRUE,FALSE,FALSE,FALSE,,,0.73,100_256_230_100_267_25,historic_runs,Brandenburg
26,TRUE,fixed,auto,RYE,sim.json,crop.json,site.json,FALSE,dwd_core_ensemble,dwd_core_ensemble/csvs_dwd_core_ensemble,ICHEC-EC-EARTH,CLMcom-CCLM4-8-41,rcp85,r12i1p1,v1,2021-01-01,2099-12-31,FALSE,FALSE,TRUE,TRUE,TRUE,FALSE,FALSE,TRUE,FALSE,TRUE,FALSE,FALSE,FALSE,,,0.73,100_256_230_100_267_25,historic_runs,Brandenburg
27,TRUE,fixed,auto,RYE,sim.json,crop.json,site.json,FALSE,dwd_core_ensemble,dwd_core_ensemble/csvs_dwd_core_ensemble,ICHEC-EC-EARTH,CLMcom-CCLM4-8-42,rcp45,r12i1p1,v1,2021-01-01,2099-12-31,FALSE,FALSE,TRUE,TRUE,TRUE,FALSE,FALSE,TRUE,FALSE,TRUE,FALSE,FALSE,FALSE,,,0.73,100_256_230_100_267_25,historic_runs,Brandenburg
28,TRUE,fixed,auto,RYE,sim.json,crop.json,site.json,FALSE,dwd_core_ensemble,dwd_core_ensemble/csvs_dwd_core_ensemble,ICHEC-EC-EARTH,CLMcom-CCLM4-8-43,rcp85,r12i1p1,v1,2021-01-01,2099-12-31,FALSE,FALSE,TRUE,TRUE,TRUE,FALSE,FALSE,TRUE,FALSE,TRUE,FALSE,FALSE,FALSE,,,0.73,100_256_230_100_267_25,historic_runs,Brandenburg
29,TRUE,fixed,auto,RYE,sim.json,crop.json,site.json,FALSE,dwd_core_ensemble,dwd_core_ensemble/csvs_dwd_core_ensemble,ICHEC-EC-EARTH,CLMcom-CCLM4-8-44,rcp26,r12i1p1,v1,2021-01-01,2099-12-31,FALSE,FALSE,TRUE,TRUE,TRUE,FALSE,FALSE,TRUE,FALSE,TRUE,FALSE,FALSE,FALSE,,,0.73,100_256_230_100_267_25,historic_runs,Brandenburg
30,TRUE,fixed,auto,RYE,sim.json,crop.json,site.json,FALSE,dwd_core_ensemble,dwd_core_ensemble/csvs_dwd_core_ensemble,ICHEC-EC-EARTH,CLMcom-CCLM4-8-45,rcp26,r12i1p1,v1,2021-01-01,2099-12-31,FALSE,FALSE,TRUE,TRUE,TRUE,FALSE,FALSE,TRUE,FALSE,TRUE,FALSE,FALSE,FALSE,,,0.73,100_256_230_100_267_25,historic_runs,Brandenburg
31,TRUE,fixed,auto,RYE,sim.json,crop.json,site.json,FALSE,dwd_core_ensemble,dwd_core_ensemble/csvs_dwd_core_ensemble,ICHEC-EC-EARTH,CLMcom-CCLM4-8-46,rcp45,r12i1p1,v1,2021-01-01,2099-12-31,FALSE,FALSE,TRUE,TRUE,TRUE,FALSE,FALSE,TRUE,FALSE,TRUE,FALSE,FALSE,FALSE,,,0.73,100_256_230_100_267_25,historic_runs,Brandenburg
32,TRUE,fixed,auto,RYE,sim.json,crop.json,site.json,FALSE,dwd_core_ensemble,dwd_core_ensemble/csvs_dwd_core_ensemble,ICHEC-EC-EARTH,CLMcom-CCLM4-8-47,rcp45,r12i1p1,v1,2021-01-01,2099-12-31,FALSE,FALSE,TRUE,TRUE,TRUE,FALSE,FALSE,TRUE,FALSE,TRUE,FALSE,FALSE,FALSE,,,0.73,100_256_230_100_267_25,historic_runs,Brandenburg
33,TRUE,fixed,auto,RYE,sim.json,crop.json,site.json,FALSE,dwd_core_ensemble,dwd_core_ensemble/csvs_dwd_core_ensemble,ICHEC-EC-EARTH,CLMcom-CCLM4-8-48,rcp85,r12i1p1,v1,2021-01-01,2099-12-31,FALSE,FALSE,TRUE,TRUE,TRUE,FALSE,FALSE,TRUE,FALSE,TRUE,FALSE,FALSE,FALSE,,,0.73,100_256_230_100_267_25,historic_runs,Brandenburg
34,TRUE,fixed,auto,RYE,sim.json,crop.json,site.json,FALSE,dwd_core_ensemble,dwd_core_ensemble/csvs_dwd_core_ensemble,ICHEC-EC-EARTH,CLMcom-CCLM4-8-49,rcp85,r12i1p1,v1,2021-01-01,2099-12-31,FALSE,FALSE,TRUE,TRUE,TRUE,FALSE,FALSE,TRUE,FALSE,TRUE,FALSE,FALSE,FALSE,,,0.73,100_256_230_100_267_25,historic_runs,Brandenburg
35,TRUE,fixed,auto,RYE,sim.json,crop.json,site.json,FALSE,dwd_core_ensemble,dwd_core_ensemble/csvs_dwd_core_ensemble,ICHEC-EC-EARTH,CLMcom-CCLM4-8-50,rcp85,r12i1p1,v1,2021-01-01,2099-12-31,FALSE,FALSE,TRUE,TRUE,TRUE,FALSE,FALSE,TRUE,FALSE,TRUE,FALSE,FALSE,FALSE,,,0.73,100_256_230_100_267_25,historic_runs,Brandenburg
36,TRUE,fixed,auto,RYE,sim.json,crop.json,site.json,FALSE,dwd_core_ensemble,dwd_core_ensemble/csvs_dwd_core_ensemble,ICHEC-EC-EARTH,CLMcom-CCLM4-8-51,rcp26,r12i1p1,v1,2021-01-01,2099-12-31,FALSE,FALSE,TRUE,TRUE,TRUE,FALSE,FALSE,TRUE,FALSE,TRUE,FALSE,FALSE,FALSE,,,0.73,100_256_230_100_267_25,historic_runs,Brandenburg
37,TRUE,fixed,auto,RYE,sim.json,crop.json,site.json,FALSE,dwd_core_ensemble,dwd_core_ensemble/csvs_dwd_core_ensemble,ICHEC-EC-EARTH,CLMcom-CCLM4-8-52,rcp26,r12i1p1,v1,2021-01-01,2099-12-31,FALSE,FALSE,TRUE,TRUE,TRUE,FALSE,FALSE,TRUE,FALSE,TRUE,FALSE,FALSE,FALSE,,,0.73,100_256_230_100_267_25,historic_runs,Brandenburg
38,TRUE,fixed,auto,RYE,sim.json,crop.json,site.json,FALSE,dwd_core_ensemble,dwd_core_ensemble/csvs_dwd_core_ensemble,ICHEC-EC-EARTH,CLMcom-CCLM4-8-53,rcp45,r12i1p1,v1,2021-01-01,2099-12-31,FALSE,FALSE,TRUE,TRUE,TRUE,FALSE,FALSE,TRUE,FALSE,TRUE,FALSE,FALSE,FALSE,,,0.73,100_256_230_100_267_25,historic_runs,Brandenburg
39,TRUE,fixed,auto,RYE,sim.json,crop.json,site.json,FALSE,dwd_core_ensemble,dwd_core_ensemble/csvs_dwd_core_ensemble,ICHEC-EC-EARTH,CLMcom-CCLM4-8-54,rcp45,r12i1p1,v1,2021-01-01,2099-12-31,FALSE,FALSE,TRUE,TRUE,TRUE,FALSE,FALSE,TRUE,FALSE,TRUE,FALSE,FALSE,FALSE,,,0.73,100_256_230_100_267_25,historic_runs,Brandenburg
40,TRUE,fixed,auto,RYE,sim.json,crop.json,site.json,FALSE,dwd_core_ensemble,dwd_core_ensemble/csvs_dwd_core_ensemble,ICHEC-EC-EARTH,CLMcom-CCLM4-8-55,rcp85,r12i1p1,v1,2021-01-01,2099-12-31,FALSE,FALSE,TRUE,TRUE,TRUE,FALSE,FALSE,TRUE,FALSE,TRUE,FALSE,FALSE,FALSE,,,0.73,100_256_230_100_267_25,historic_runs,Brandenburg
41,TRUE,fixed,auto,RYE,sim.json,crop.json,site.json,FALSE,dwd_core_ensemble,dwd_core_ensemble/csvs_dwd_core_ensemble,ICHEC-EC-EARTH,CLMcom-CCLM4-8-56,rcp45,r12i1p1,v1,2021-01-01,2099-12-31,FALSE,FALSE,TRUE,TRUE,TRUE,FALSE,FALSE,TRUE,FALSE,TRUE,FALSE,FALSE,FALSE,,,0.73,100_256_230_100_267_25,historic_runs,Brandenburg
42,TRUE,fixed,auto,RYE,sim.json,crop.json,site.json,FALSE,dwd_core_ensemble,dwd_core_ensemble/csvs_dwd_core_ensemble,ICHEC-EC-EARTH,CLMcom-CCLM4-8-57,rcp26,r12i1p1,v1,2021-01-01,2099-12-31,FALSE,FALSE,TRUE,TRUE,TRUE,FALSE,FALSE,TRUE,FALSE,TRUE,FALSE,FALSE,FALSE,,,0.73,100_256_230_100_267_25,historic_runs,Brandenburg
43,TRUE,fixed,auto,RYE,sim.json,crop.json,site.json,FALSE,dwd_core_ensemble,dwd_core_ensemble/csvs_dwd_core_ensemble,ICHEC-EC-EARTH,CLMcom-CCLM4-8-58,rcp85,r12i1p1,v1,2021-01-01,2099-12-31,FALSE,FALSE,TRUE,TRUE,TRUE,FALSE,FALSE,TRUE,FALSE,TRUE,FALSE,FALSE,FALSE,,,0.73,100_256_230_100_267_25,historic_runs,Brandenburg
44,TRUE,fixed,auto,RYE,sim.json,crop.json,site.json,FALSE,dwd_core_ensemble,dwd_core_ensemble/csvs_dwd_core_ensemble,ICHEC-EC-EARTH,CLMcom-CCLM4-8-59,rcp45,r12i1p1,v1,2021-01-01,2099-12-31,FALSE,FALSE,TRUE,TRUE,TRUE,FALSE,FALSE,TRUE,FALSE,TRUE,FALSE,FALSE,FALSE,,,0.73,100_256_230_100_267_25,historic_runs,Brandenburg
45,TRUE,fixed,auto,RYE,sim.json,crop.json,site.json,FALSE,dwd_core_ensemble,dwd_core_ensemble/csvs_dwd_core_ensemble,ICHEC-EC-EARTH,CLMcom-CCLM4-8-60,rcp85,r12i1p1,v1,2021-01-01,2099-12-31,FALSE,FALSE,TRUE,TRUE,TRUE,FALSE,FALSE,TRUE,FALSE,TRUE,FALSE,FALSE,FALSE,,,0.73,100_256_230_100_267_25,historic_runs,Brandenburg
46,TRUE,fixed,auto,RYE,sim.json,crop.json,site.json,FALSE,dwd_core_ensemble,dwd_core_ensemble/csvs_dwd_core_ensemble,ICHEC-EC-EARTH,CLMcom-CCLM4-8-61,rcp26,r12i1p1,v1,2021-01-01,2099-12-31,FALSE,FALSE,TRUE,TRUE,TRUE,FALSE,FALSE,TRUE,FALSE,TRUE,FALSE,FALSE,FALSE,,,0.73,100_256_230_100_267_25,historic_runs,Brandenburg
47,TRUE,fixed,auto,RYE,sim.json,crop.json,site.json,FALSE,dwd_core_ensemble,dwd_core_ensemble/csvs_dwd_core_ensemble,ICHEC-EC-EARTH,CLMcom-CCLM4-8-62,rcp26,r12i1p1,v1,2021-01-01,2099-12-31,FALSE,FALSE,TRUE,TRUE,TRUE,FALSE,FALSE,TRUE,FALSE,TRUE,FALSE,FALSE,FALSE,,,0.73,100_256_230_100_267_25,historic_runs,Brandenburg
48,TRUE,fixed,auto,RYE,sim.json,crop.json,site.json,FALSE,dwd_core_ensemble,dwd_core_ensemble/csvs_dwd_core_ensemble,ICHEC-EC-EARTH,CLMcom-CCLM4-8-63,rcp45,r12i1p1,v1,2021-01-01,2099-12-31,FALSE,FALSE,TRUE,TRUE,TRUE,FALSE,FALSE,TRUE,FALSE,TRUE,FALSE,FALSE,FALSE,,,0.73,100_256_230_100_267_25,historic_runs,Brandenburg
49,TRUE,fixed,auto,RYE,sim.json,crop.json,site.json,FALSE,dwd_core_ensemble,dwd_core_ensemble/csvs_dwd_core_ensemble,ICHEC-EC-EARTH,CLMcom-CCLM4-8-64,rcp45,r12i1p1,v1,2021-01-01,2099-12-31,FALSE,FALSE,TRUE,TRUE,TRUE,FALSE,FALSE,TRUE,FALSE,TRUE,FALSE,FALSE,FALSE,,,0.73,100_256_230_100_267_25,historic_runs,Brandenburg
50,TRUE,fixed,auto,RYE,sim.json,crop.json,site.json,FALSE,dwd_core_ensemble,dwd_core_ensemble/csvs_dwd_core_ensemble,ICHEC-EC-EARTH,CLMcom-CCLM4-8-65,rcp85,r12i1p1,v1,2021-01-01,2099-12-31,FALSE,FALSE,TRUE,TRUE,TRUE,FALSE,FALSE,TRUE,FALSE,TRUE,FALSE,FALSE,FALSE,,,0.73,100_256_230_100_267_25,historic_runs,Brandenburg
51,TRUE,fixed,auto,RYE,sim.json,crop.json,site.json,FALSE,dwd_core_ensemble,dwd_core_ensemble/csvs_dwd_core_ensemble,ICHEC-EC-EARTH,CLMcom-CCLM4-8-66,rcp85,r12i1p1,v1,2021-01-01,2099-12-31,FALSE,FALSE,TRUE,TRUE,TRUE,FALSE,FALSE,TRUE,FALSE,TRUE,FALSE,FALSE,FALSE,,,0.73,100_256_230_100_267_25,historic_runs,Brandenburg
52,TRUE,fixed,auto,RYE,sim.json,crop.json,site.json,FALSE,dwd_core_ensemble,dwd_core_ensemble/csvs_dwd_core_ensemble,ICHEC-EC-EARTH,CLMcom-CCLM4-8-67,rcp85,r12i1p1,v1,2021-01-01,2099-12-31,FALSE,FALSE,TRUE,TRUE,TRUE,FALSE,FALSE,TRUE,FALSE,TRUE,FALSE,FALSE,FALSE,,,0.73,100_256_230_100_267_25,historic_runs,Brandenburg
53,TRUE,fixed,auto,RYE,sim.json,crop.json,site.json,FALSE,dwd_core_ensemble,dwd_core_ensemble/csvs_dwd_core_ensemble,ICHEC-EC-EARTH,CLMcom-CCLM4-8-68,rcp26,r12i1p1,v1,2021-01-01,2099-12-31,FALSE,FALSE,TRUE,TRUE,TRUE,FALSE,FALSE,TRUE,FALSE,TRUE,FALSE,FALSE,FALSE,,,0.73,100_256_230_100_267_25,historic_runs,Brandenburg
54,TRUE,fixed,auto,RYE,sim.json,crop.json,site.json,FALSE,dwd_core_ensemble,dwd_core_ensemble/csvs_dwd_core_ensemble,ICHEC-EC-EARTH,CLMcom-CCLM4-8-69,rcp26,r12i1p1,v1,2021-01-01,2099-12-31,FALSE,FALSE,TRUE,TRUE,TRUE,FALSE,FALSE,TRUE,FALSE,TRUE,FALSE,FALSE,FALSE,,,0.73,100_256_230_100_267_25,historic_runs,Brandenburg
55,TRUE,fixed,auto,RYE,sim.json,crop.json,site.json,FALSE,dwd_core_ensemble,dwd_core_ensemble/csvs_dwd_core_ensemble,ICHEC-EC-EARTH,CLMcom-CCLM4-8-70,rcp45,r12i1p1,v1,2021-01-01,2099-12-31,FALSE,FALSE,TRUE,TRUE,TRUE,FALSE,FALSE,TRUE,FALSE,TRUE,FALSE,FALSE,FALSE,,,0.73,100_256_230_100_267_25,historic_runs,Brandenburg
56,TRUE,fixed,auto,RYE,sim.json,crop.json,site.json,FALSE,dwd_core_ensemble,dwd_core_ensemble/csvs_dwd_core_ensemble,ICHEC-EC-EARTH,CLMcom-CCLM4-8-71,rcp45,r12i1p1,v1,2021-01-01,2099-12-31,FALSE,FALSE,TRUE,TRUE,TRUE,FALSE,FALSE,TRUE,FALSE,TRUE,FALSE,FALSE,FALSE,,,0.73,100_256_230_100_267_25,historic_runs,Brandenburg
57,TRUE,fixed,auto,RYE,sim.json,crop.json,site.json,FALSE,dwd_core_ensemble,dwd_core_ensemble/csvs_dwd_core_ensemble,ICHEC-EC-EARTH,CLMcom-CCLM4-8-72,rcp85,r12i1p1,v1,2021-01-01,2099-12-31,FALSE,FALSE,TRUE,TRUE,TRUE,FALSE,FALSE,TRUE,FALSE,TRUE,FALSE,FALSE,FALSE,,,0.73,100_256_230_100_267_25,historic_runs,Brandenburg
58,TRUE,fixed,auto,RYE,sim.json,crop.json,site.json,FALSE,dwd_core_ensemble,dwd_core_ensemble/csvs_dwd_core_ensemble,ICHEC-EC-EARTH,CLMcom-CCLM4-8-73,rcp45,r12i1p1,v1,2021-01-01,2099-12-31,FALSE,FALSE,TRUE,TRUE,TRUE,FALSE,FALSE,TRUE,FALSE,TRUE,FALSE,FALSE,FALSE,,,0.73,100_256_230_100_267_25,historic_runs,Brandenburg
59,TRUE,fixed,auto,RYE,sim.json,crop.json,site.json,FALSE,dwd_core_ensemble,dwd_core_ensemble/csvs_dwd_core_ensemble,ICHEC-EC-EARTH,CLMcom-CCLM4-8-74,rcp26,r12i1p1,v1,2021-01-01,2099-12-31,FALSE,FALSE,TRUE,TRUE,TRUE,FALSE,FALSE,TRUE,FALSE,TRUE,FALSE,FALSE,FALSE,,,0.73,100_256_230_100_267_25,historic_runs,Brandenburg
60,TRUE,fixed,auto,RYE,sim.json,crop.json,site.json,FALSE,dwd_core_ensemble,dwd_core_ensemble/csvs_dwd_core_ensemble,ICHEC-EC-EARTH,CLMcom-CCLM4-8-75,rcp85,r12i1p1,v1,2021-01-01,2099-12-31,FALSE,FALSE,TRUE,TRUE,TRUE,FALSE,FALSE,TRUE,FALSE,TRUE,FALSE,FALSE,FALSE,,,0.73,100_256_230_100_267_25,historic_runs,Brandenburg
61,TRUE,fixed,auto,RYE,sim.json,crop.json,site.json,FALSE,dwd_core_ensemble,dwd_core_ensemble/csvs_dwd_core_ensemble,ICHEC-EC-EARTH,CLMcom-CCLM4-8-76,rcp45,r12i1p1,v1,2021-01-01,2099-12-31,FALSE,FALSE,TRUE,TRUE,TRUE,FALSE,FALSE,TRUE,FALSE,TRUE,FALSE,FALSE,FALSE,,,0.73,100_256_230_100_267_25,historic_runs,Brandenburg
62,TRUE,fixed,auto,RYE,sim.json,crop.json,site.json,FALSE,dwd_core_ensemble,dwd_core_ensemble/csvs_dwd_core_ensemble,ICHEC-EC-EARTH,CLMcom-CCLM4-8-77,rcp85,r12i1p1,v1,2021-01-01,2099-12-31,FALSE,FALSE,TRUE,TRUE,TRUE,FALSE,FALSE,TRUE,FALSE,TRUE,FALSE,FALSE,FALSE,,,0.73,100_256_230_100_267_25,historic_runs,Brandenburg
63,TRUE,fixed,auto,RYE,sim.json,crop.json,site.json,FALSE,dwd_core_ensemble,dwd_core_ensemble/csvs_dwd_core_ensemble,ICHEC-EC-EARTH,CLMcom-CCLM4-8-78,rcp26,r12i1p1,v1,2021-01-01,2099-12-31,FALSE,FALSE,TRUE,TRUE,TRUE,FALSE,FALSE,TRUE,FALSE,TRUE,FALSE,FALSE,FALSE,,,0.73,100_256_230_100_267_25,historic_runs,Brandenburg
64,TRUE,fixed,auto,RYE,sim.json,crop.json,site.json,FALSE,dwd_core_ensemble,dwd_core_ensemble/csvs_dwd_core_ensemble,ICHEC-EC-EARTH,CLMcom-CCLM4-8-79,rcp26,r12i1p1,v1,2021-01-01,2099-12-31,FALSE,FALSE,TRUE,TRUE,TRUE,FALSE,FALSE,TRUE,FALSE,TRUE,FALSE,FALSE,FALSE,,,0.73,100_256_230_100_267_25,historic_runs,Brandenburg
65,TRUE,fixed,auto,RYE,sim.json,crop.json,site.json,FALSE,dwd_core_ensemble,dwd_core_ensemble/csvs_dwd_core_ensemble,ICHEC-EC-EARTH,CLMcom-CCLM4-8-80,rcp45,r12i1p1,v1,2021-01-01,2099-12-31,FALSE,FALSE,TRUE,TRUE,TRUE,FALSE,FALSE,TRUE,FALSE,TRUE,FALSE,FALSE,FALSE,,,0.73,100_256_230_100_267_25,historic_runs,Brandenburg
66,TRUE,fixed,auto,RYE,sim.json,crop.json,site.json,FALSE,dwd_core_ensemble,dwd_core_ensemble/csvs_dwd_core_ensemble,ICHEC-EC-EARTH,CLMcom-CCLM4-8-81,rcp45,r12i1p1,v1,2021-01-01,2099-12-31,FALSE,FALSE,TRUE,TRUE,TRUE,FALSE,FALSE,TRUE,FALSE,TRUE,FALSE,FALSE,FALSE,,,0.73,100_256_230_100_267_25,historic_runs,Brandenburg
67,TRUE,fixed,auto,RYE,sim.json,crop.json,site.json,FALSE,dwd_core_ensemble,dwd_core_ensemble/csvs_dwd_core_ensemble,ICHEC-EC-EARTH,CLMcom-CCLM4-8-82,rcp85,r12i1p1,v1,2021-01-01,2099-12-31,FALSE,FALSE,TRUE,TRUE,TRUE,FALSE,FALSE,TRUE,FALSE,TRUE,FALSE,FALSE,FALSE,,,0.73,100_256_230_100_267_25,historic_runs,Brandenburg
68,TRUE,fixed,auto,RYE,sim.json,crop.json,site.json,FALSE,dwd_core_ensemble,dwd_core_ensemble/csvs_dwd_core_ensemble,ICHEC-EC-EARTH,CLMcom-CCLM4-8-83,rcp85,r12i1p1,v1,2021-01-01,2099-12-31,FALSE,FALSE,TRUE,TRUE,TRUE,FALSE,FALSE,TRUE,FALSE,TRUE,FALSE,FALSE,FALSE,,,0.73,100_256_230_100_267_25,historic_runs,Brandenburg
69,TRUE,fixed,auto,RYE,sim.json,crop.json,site.json,FALSE,dwd_core_ensemble,dwd_core_ensemble/csvs_dwd_core_ensemble,ICHEC-EC-EARTH,CLMcom-CCLM4-8-84,rcp85,r12i1p1,v1,2021-01-01,2099-12-31,FALSE,FALSE,TRUE,TRUE,TRUE,FALSE,FALSE,TRUE,FALSE,TRUE,FALSE,FALSE,FALSE,,,0.73,100_256_230_100_267_25,historic_runs,Brandenburg
70,TRUE,fixed,auto,RYE,sim.json,crop.json,site.json,FALSE,dwd_core_ensemble,dwd_core_ensemble/csvs_dwd_core_ensemble,ICHEC-EC-EARTH,CLMcom-CCLM4-8-85,rcp26,r12i1p1,v1,2021-01-01,2099-12-31,FALSE,FALSE,TRUE,TRUE,TRUE,FALSE,FALSE,TRUE,FALSE,TRUE,FALSE,FALSE,FALSE,,,0.73,100_256_230_100_267_25,historic_runs,Brandenburg
71,TRUE,fixed,auto,RYE,sim.json,crop.json,site.json,FALSE,dwd_core_ensemble,dwd_core_ensemble/csvs_dwd_core_ensemble,ICHEC-EC-EARTH,CLMcom-CCLM4-8-86,rcp26,r12i1p1,v1,2021-01-01,2099-12-31,FALSE,FALSE,TRUE,TRUE,TRUE,FALSE,FALSE,TRUE,FALSE,TRUE,FALSE,FALSE,FALSE,,,0.73,100_256_230_100_267_25,historic_runs,Brandenburg
72,TRUE,fixed,auto,RYE,sim.json,crop.json,site.json,FALSE,dwd_core_ensemble,dwd_core_ensemble/csvs_dwd_core_ensemble,ICHEC-EC-EARTH,CLMcom-CCLM4-8-87,rcp45,r12i1p1,v1,2021-01-01,2099-12-31,FALSE,FALSE,TRUE,TRUE,TRUE,FALSE,FALSE,TRUE,FALSE,TRUE,FALSE,FALSE,FALSE,,,0.73,100_256_230_100_267_25,historic_runs,Brandenburg
73,TRUE,fixed,auto,RYE,sim.json,crop.json,site.json,FALSE,dwd_core_ensemble,dwd_core_ensemble/csvs_dwd_core_ensemble,ICHEC-EC-EARTH,CLMcom-CCLM4-8-88,rcp45,r12i1p1,v1,2021-01-01,2099-12-31,FALSE,FALSE,TRUE,TRUE,TRUE,FALSE,FALSE,TRUE,FALSE,TRUE,FALSE,FALSE,FALSE,,,0.73,100_256_230_100_267_25,historic_runs,Brandenburg
74,TRUE,fixed,auto,RYE,sim.json,crop.json,site.json,FALSE,dwd_core_ensemble,dwd_core_ensemble/csvs_dwd_core_ensemble,ICHEC-EC-EARTH,CLMcom-CCLM4-8-89,rcp85,r12i1p1,v1,2021-01-01,2099-12-31,FALSE,FALSE,TRUE,TRUE,TRUE,FALSE,FALSE,TRUE,FALSE,TRUE,FALSE,FALSE,FALSE,,,0.73,100_256_230_100_267_25,historic_runs,Brandenburg
75,TRUE,fixed,auto,RYE,sim.json,crop.json,site.json,FALSE,dwd_core_ensemble,dwd_core_ensemble/csvs_dwd_core_ensemble,ICHEC-EC-EARTH,CLMcom-CCLM4-8-90,rcp45,r12i1p1,v1,2021-01-01,2099-12-31,FALSE,FALSE,TRUE,TRUE,TRUE,FALSE,FALSE,TRUE,FALSE,TRUE,FALSE,FALSE,FALSE,,,0.73,100_256_230_100_267_25,historic_runs,Brandenburg
76,TRUE,fixed,auto,RYE,sim.json,crop.json,site.json,FALSE,dwd_core_ensemble,dwd_core_ensemble/csvs_dwd_core_ensemble,ICHEC-EC-EARTH,CLMcom-CCLM4-8-91,rcp26,r12i1p1,v1,2021-01-01,2099-12-31,FALSE,FALSE,TRUE,TRUE,TRUE,FALSE,FALSE,TRUE,FALSE,TRUE,FALSE,FALSE,FALSE,,,0.73,100_256_230_100_267_25,historic_runs,Brandenburg
77,TRUE,fixed,auto,RYE,sim.json,crop.json,site.json,FALSE,dwd_core_ensemble,dwd_core_ensemble/csvs_dwd_core_ensemble,ICHEC-EC-EARTH,CLMcom-CCLM4-8-92,rcp85,r12i1p1,v1,2021-01-01,2099-12-31,FALSE,FALSE,TRUE,TRUE,TRUE,FALSE,FALSE,TRUE,FALSE,TRUE,FALSE,FALSE,FALSE,,,0.73,100_256_230_100_267_25,historic_runs,Brandenburg
78,TRUE,fixed,auto,RYE,sim.json,crop.json,site.json,FALSE,dwd_core_ensemble,dwd_core_ensemble/csvs_dwd_core_ensemble,ICHEC-EC-EARTH,CLMcom-CCLM4-8-93,rcp45,r12i1p1,v1,2021-01-01,2099-12-31,FALSE,FALSE,TRUE,TRUE,TRUE,FALSE,FALSE,TRUE,FALSE,TRUE,FALSE,FALSE,FALSE,,,0.73,100_256_230_100_267_25,historic_runs,Brandenburg
79,TRUE,fixed,auto,RYE,sim.json,crop.json,site.json,FALSE,dwd_core_ensemble,dwd_core_ensemble/csvs_dwd_core_ensemble,ICHEC-EC-EARTH,CLMcom-CCLM4-8-94,rcp85,r12i1p1,v1,2021-01-01,2099-12-31,FALSE,FALSE,TRUE,TRUE,TRUE,FALSE,FALSE,TRUE,FALSE,TRUE,FALSE,FALSE,FALSE,,,0.73,100_256_230_100_267_25,historic_runs,Brandenburg
80,TRUE,fixed,auto,RYE,sim.json,crop.json,site.json,FALSE,dwd_core_ensemble,dwd_core_ensemble/csvs_dwd_core_ensemble,ICHEC-EC-EARTH,CLMcom-CCLM4-8-95,rcp26,r12i1p1,v1,2021-01-01,2099-12-31,FALSE,FALSE,TRUE,TRUE,TRUE,FALSE,FALSE,TRUE,FALSE,TRUE,FALSE,FALSE,FALSE,,,0.73,100_256_230_100_267_25,historic_runs,Brandenburg
81,TRUE,fixed,auto,RYE,sim.json,crop.json,site.json,FALSE,dwd_core_ensemble,dwd_core_ensemble/csvs_dwd_core_ensemble,ICHEC-EC-EARTH,CLMcom-CCLM4-8-96,rcp26,r12i1p1,v1,2021-01-01,2099-12-31,FALSE,FALSE,TRUE,TRUE,TRUE,FALSE,FALSE,TRUE,FALSE,TRUE,FALSE,FALSE,FALSE,,,0.73,100_256_230_100_267_25,historic_runs,Brandenburg
82,TRUE,fixed,auto,RYE,sim.json,crop.json,site.json,FALSE,dwd_core_ensemble,dwd_core_ensemble/csvs_dwd_core_ensemble,ICHEC-EC-EARTH,CLMcom-CCLM4-8-97,rcp45,r12i1p1,v1,2021-01-01,2099-12-31,FALSE,FALSE,TRUE,TRUE,TRUE,FALSE,FALSE,TRUE,FALSE,TRUE,FALSE,FALSE,FALSE,,,0.73,100_256_230_100_267_25,historic_runs,Brandenburg
83,TRUE,fixed,auto,RYE,sim.json,crop.json,site.json,FALSE,dwd_core_ensemble,dwd_core_ensemble/csvs_dwd_core_ensemble,ICHEC-EC-EARTH,CLMcom-CCLM4-8-98,rcp45,r12i1p1,v1,2021-01-01,2099-12-31,FALSE,FALSE,TRUE,TRUE,TRUE,FALSE,FALSE,TRUE,FALSE,TRUE,FALSE,FALSE,FALSE,,,0.73,100_256_230_100_267_25,historic_runs,Brandenburg
84,TRUE,fixed,auto,RYE,sim.json,crop.json,site.json,FALSE,dwd_core_ensemble,dwd_core_ensemble/csvs_dwd_core_ensemble,ICHEC-EC-EARTH,CLMcom-CCLM4-8-99,rcp85,r12i1p1,v1,2021-01-01,2099-12-31,FALSE,FALSE,TRUE,TRUE,TRUE,FALSE,FALSE,TRUE,FALSE,TRUE,FALSE,FALSE,FALSE,,,0.73,100_256_230_100_267_25,historic_runs,Brandenburg
85,TRUE,fixed,auto,RYE,sim.json,crop.json,site.json,FALSE,dwd_core_ensemble,dwd_core_ensemble/csvs_dwd_core_ensemble,ICHEC-EC-EARTH,CLMcom-CCLM4-8-100,rcp85,r12i1p1,v1,2021-01-01,2099-12-31,FALSE,FALSE,TRUE,TRUE,TRUE,FALSE,FALSE,TRUE,FALSE,TRUE,FALSE,FALSE,FALSE,,,0.73,100_256_230_100_267_25,historic_runs,Brandenburg
86,TRUE,fixed,auto,RYE,sim.json,crop.json,site.json,FALSE,dwd_core_ensemble,dwd_core_ensemble/csvs_dwd_core_ensemble,ICHEC-EC-EARTH,CLMcom-CCLM4-8-101,rcp85,r12i1p1,v1,2021-01-01,2099-12-31,FALSE,FALSE,TRUE,TRUE,TRUE,FALSE,FALSE,TRUE,FALSE,TRUE,FALSE,FALSE,FALSE,,,0.73,100_256_230_100_267_25,historic_runs,Brandenburg
87,TRUE,fixed,auto,RYE,sim.json,crop.json,site.json,FALSE,dwd_core_ensemble,dwd_core_ensemble/csvs_dwd_core_ensemble,ICHEC-EC-EARTH,CLMcom-CCLM4-8-102,rcp26,r12i1p1,v1,2021-01-01,2099-12-31,FALSE,FALSE,TRUE,TRUE,TRUE,FALSE,FALSE,TRUE,FALSE,TRUE,FALSE,FALSE,FALSE,,,0.73,100_256_230_100_267_25,historic_runs,Brandenburg
88,TRUE,fixed,auto,RYE,sim.json,crop.json,site.json,FALSE,dwd_core_ensemble,dwd_core_ensemble/csvs_dwd_core_ensemble,ICHEC-EC-EARTH,CLMcom-CCLM4-8-103,rcp26,r12i1p1,v1,2021-01-01,2099-12-31,FALSE,FALSE,TRUE,TRUE,TRUE,FALSE,FALSE,TRUE,FALSE,TRUE,FALSE,FALSE,FALSE,,,0.73,100_256_230_100_267_25,historic_runs,Brandenburg
89,TRUE,fixed,auto,RYE,sim.json,crop.json,site.json,FALSE,dwd_core_ensemble,dwd_core_ensemble/csvs_dwd_core_ensemble,ICHEC-EC-EARTH,CLMcom-CCLM4-8-104,rcp45,r12i1p1,v1,2021-01-01,2099-12-31,FALSE,FALSE,TRUE,TRUE,TRUE,FALSE,FALSE,TRUE,FALSE,TRUE,FALSE,FALSE,FALSE,,,0.73,100_256_230_100_267_25,historic_runs,Brandenburg
80,TRUE,fixed,auto,RYE,sim.json,crop.json,site.json,FALSE,dwd_core_ensemble,dwd_core_ensemble/csvs_dwd_core_ensemble,ICHEC-EC-EARTH,CLMcom-CCLM4-8-105,rcp45,r12i1p1,v1,2021-01-01,2099-12-31,FALSE,FALSE,TRUE,TRUE,TRUE,FALSE,FALSE,TRUE,FALSE,TRUE,FALSE,FALSE,FALSE,,,0.73,100_256_230_100_267_25,historic_runs,Brandenburg
91,TRUE,fixed,auto,RYE,sim.json,crop.json,site.json,FALSE,dwd_core_ensemble,dwd_core_ensemble/csvs_dwd_core_ensemble,ICHEC-EC-EARTH,CLMcom-CCLM4-8-106,rcp85,r12i1p1,v1,2021-01-01,2099-12-31,FALSE,FALSE,TRUE,TRUE,TRUE,FALSE,FALSE,TRUE,FALSE,TRUE,FALSE,FALSE,FALSE,,,0.73,100_256_230_100_267_25,historic_runs,Brandenburg
92,TRUE,fixed,auto,RYE,sim.json,crop.json,site.json,FALSE,dwd_core_ensemble,dwd_core_ensemble/csvs_dwd_core_ensemble,ICHEC-EC-EARTH,CLMcom-CCLM4-8-107,rcp45,r12i1p1,v1,2021-01-01,2099-12-31,FALSE,FALSE,TRUE,TRUE,TRUE,FALSE,FALSE,TRUE,FALSE,TRUE,FALSE,FALSE,FALSE,,,0.73,100_256_230_100_267_25,historic_runs,Brandenburg
93,TRUE,fixed,auto,RYE,sim.json,crop.json,site.json,FALSE,dwd_core_ensemble,dwd_core_ensemble/csvs_dwd_core_ensemble,ICHEC-EC-EARTH,CLMcom-CCLM4-8-108,rcp26,r12i1p1,v1,2021-01-01,2099-12-31,FALSE,FALSE,TRUE,TRUE,TRUE,FALSE,FALSE,TRUE,FALSE,TRUE,FALSE,FALSE,FALSE,,,0.73,100_256_230_100_267_25,historic_runs,Brandenburg
94,TRUE,fixed,auto,RYE,sim.json,crop.json,site.json,FALSE,dwd_core_ensemble,dwd_core_ensemble/csvs_dwd_core_ensemble,ICHEC-EC-EARTH,CLMcom-CCLM4-8-109,rcp85,r12i1p1,v1,2021-01-01,2099-12-31,FALSE,FALSE,TRUE,TRUE,TRUE,FALSE,FALSE,TRUE,FALSE,TRUE,FALSE,FALSE,FALSE,,,0.73,100_256_230_100_267_25,historic_runs,Brandenburg
95,TRUE,fixed,auto,RYE,sim.json,crop.json,site.json,FALSE,dwd_core_ensemble,dwd_core_ensemble/csvs_dwd_core_ensemble,ICHEC-EC-EARTH,CLMcom-CCLM4-8-110,rcp45,r12i1p1,v1,2021-01-01,2099-12-31,FALSE,FALSE,TRUE,TRUE,TRUE,FALSE,FALSE,TRUE,FALSE,TRUE,FALSE,FALSE,FALSE,,,0.73,100_256_230_100_267_25,historic_runs,Brandenburg
96,TRUE,fixed,auto,RYE,sim.json,crop.json,site.json,FALSE,dwd_core_ensemble,dwd_core_ensemble/csvs_dwd_core_ensemble,ICHEC-EC-EARTH,CLMcom-CCLM4-8-111,rcp85,r12i1p1,v1,2021-01-01,2099-12-31,FALSE,FALSE,TRUE,TRUE,TRUE,FALSE,FALSE,TRUE,FALSE,TRUE,FALSE,FALSE,FALSE,,,0.73,100_256_230_100_267_25,historic_runs,Brandenburg
97,TRUE,fixed,auto,RYE,sim.json,crop.json,site.json,FALSE,dwd_core_ensemble,dwd_core_ensemble/csvs_dwd_core_ensemble,ICHEC-EC-EARTH,CLMcom-CCLM4-8-112,rcp26,r12i1p1,v1,2021-01-01,2099-12-31,FALSE,FALSE,TRUE,TRUE,TRUE,FALSE,FALSE,TRUE,FALSE,TRUE,FALSE,FALSE,FALSE,,,0.73,100_256_230_100_267_25,historic_runs,Brandenburg
98,TRUE,fixed,auto,RYE,sim.json,crop.json,site.json,FALSE,dwd_core_ensemble,dwd_core_ensemble/csvs_dwd_core_ensemble,ICHEC-EC-EARTH,CLMcom-CCLM4-8-113,rcp26,r12i1p1,v1,2021-01-01,2099-12-31,FALSE,FALSE,TRUE,TRUE,TRUE,FALSE,FALSE,TRUE,FALSE,TRUE,FALSE,FALSE,FALSE,,,0.73,100_256_230_100_267_25,historic_runs,Brandenburg
99,TRUE,fixed,auto,RYE,sim.json,crop.json,site.json,FALSE,dwd_core_ensemble,dwd_core_ensemble/csvs_dwd_core_ensemble,ICHEC-EC-EARTH,CLMcom-CCLM4-8-114,rcp45,r12i1p1,v1,2021-01-01,2099-12-31,FALSE,FALSE,TRUE,TRUE,TRUE,FALSE,FALSE,TRUE,FALSE,TRUE,FALSE,FALSE,FALSE,,,0.73,100_256_230_100_267_25,historic_runs,Brandenburg
100,TRUE,fixed,auto,RYE,sim.json,crop.json,site.json,FALSE,dwd_core_ensemble,dwd_core_ensemble/csvs_dwd_core_ensemble,ICHEC-EC-EARTH,CLMcom-CCLM4-8-115,rcp45,r12i1p1,v1,2021-01-01,2099-12-31,FALSE,FALSE,TRUE,TRUE,TRUE,FALSE,FALSE,TRUE,FALSE,TRUE,FALSE,FALSE,FALSE,,,0.73,100_256_230_100_267_25,historic_runs,Brandenburg
101,TRUE,fixed,auto,RYE,sim.json,crop.json,site.json,FALSE,dwd_core_ensemble,dwd_core_ensemble/csvs_dwd_core_ensemble,ICHEC-EC-EARTH,CLMcom-CCLM4-8-116,rcp85,r12i1p1,v1,2021-01-01,2099-12-31,FALSE,FALSE,TRUE,TRUE,TRUE,FALSE,FALSE,TRUE,FALSE,TRUE,FALSE,FALSE,FALSE,,,0.73,100_256_230_100_267_25,historic_runs,Brandenburg
102,TRUE,fixed,auto,RYE,sim.json,crop.json,site.json,FALSE,dwd_core_ensemble,dwd_core_ensemble/csvs_dwd_core_ensemble,ICHEC-EC-EARTH,CLMcom-CCLM4-8-117,rcp85,r12i1p1,v1,2021-01-01,2099-12-31,FALSE,FALSE,TRUE,TRUE,TRUE,FALSE,FALSE,TRUE,FALSE,TRUE,FALSE,FALSE,FALSE,,,0.73,100_256_230_100_267_25,historic_runs,Brandenburg
103,TRUE,fixed,auto,RYE,sim.json,crop.json,site.json,FALSE,dwd_core_ensemble,dwd_core_ensemble/csvs_dwd_core_ensemble,ICHEC-EC-EARTH,CLMcom-CCLM4-8-118,rcp85,r12i1p1,v1,2021-01-01,2099-12-31,FALSE,FALSE,TRUE,TRUE,TRUE,FALSE,FALSE,TRUE,FALSE,TRUE,FALSE,FALSE,FALSE,,,0.73,100_256_230_100_267_25,historic_runs,Brandenburg
104,TRUE,fixed,auto,RYE,sim.json,crop.json,site.json,FALSE,dwd_core_ensemble,dwd_core_ensemble/csvs_dwd_core_ensemble,ICHEC-EC-EARTH,CLMcom-CCLM4-8-119,rcp26,r12i1p1,v1,2021-01-01,2099-12-31,FALSE,FALSE,TRUE,TRUE,TRUE,FALSE,FALSE,TRUE,FALSE,TRUE,FALSE,FALSE,FALSE,,,0.73,100_256_230_100_267_25,historic_runs,Brandenburg
105,TRUE,fixed,auto,RYE,sim.json,crop.json,site.json,FALSE,dwd_core_ensemble,dwd_core_ensemble/csvs_dwd_core_ensemble,ICHEC-EC-EARTH,CLMcom-CCLM4-8-120,rcp26,r12i1p1,v1,2021-01-01,2099-12-31,FALSE,FALSE,TRUE,TRUE,TRUE,FALSE,FALSE,TRUE,FALSE,TRUE,FALSE,FALSE,FALSE,,,0.73,100_256_230_100_267_25,historic_runs,Brandenburg
106,TRUE,fixed,auto,RYE,sim.json,crop.json,site.json,FALSE,dwd_core_ensemble,dwd_core_ensemble/csvs_dwd_core_ensemble,ICHEC-EC-EARTH,CLMcom-CCLM4-8-121,rcp45,r12i1p1,v1,2021-01-01,2099-12-31,FALSE,FALSE,TRUE,TRUE,TRUE,FALSE,FALSE,TRUE,FALSE,TRUE,FALSE,FALSE,FALSE,,,0.73,100_256_230_100_267_25,historic_runs,Brandenburg
107,TRUE,fixed,auto,RYE,sim.json,crop.json,site.json,FALSE,dwd_core_ensemble,dwd_core_ensemble/csvs_dwd_core_ensemble,ICHEC-EC-EARTH,CLMcom-CCLM4-8-122,rcp45,r12i1p1,v1,2021-01-01,2099-12-31,FALSE,FALSE,TRUE,TRUE,TRUE,FALSE,FALSE,TRUE,FALSE,TRUE,FALSE,FALSE,FALSE,,,0.73,100_256_230_100_267_25,historic_runs,Brandenburg
108,TRUE,fixed,auto,RYE,sim.json,crop.json,site.json,FALSE,dwd_core_ensemble,dwd_core_ensemble/csvs_dwd_core_ensemble,ICHEC-EC-EARTH,CLMcom-CCLM4-8-123,rcp85,r12i1p1,v1,2021-01-01,2099-12-31,FALSE,FALSE,TRUE,TRUE,TRUE,FALSE,FALSE,TRUE,FALSE,TRUE,FALSE,FALSE,FALSE,,,0.73,100_256_230_100_267_25,historic_runs,Brandenburg
109,TRUE,fixed,auto,RYE,sim.json,crop.json,site.json,FALSE,dwd_core_ensemble,dwd_core_ensemble/csvs_dwd_core_ensemble,ICHEC-EC-EARTH,CLMcom-CCLM4-8-124,rcp45,r12i1p1,v1,2021-01-01,2099-12-31,FALSE,FALSE,TRUE,TRUE,TRUE,FALSE,FALSE,TRUE,FALSE,TRUE,FALSE,FALSE,FALSE,,,0.73,100_256_230_100_267_25,historic_runs,Brandenburg
110,TRUE,fixed,auto,RYE,sim.json,crop.json,site.json,FALSE,dwd_core_ensemble,dwd_core_ensemble/csvs_dwd_core_ensemble,ICHEC-EC-EARTH,CLMcom-CCLM4-8-125,rcp26,r12i1p1,v1,2021-01-01,2099-12-31,FALSE,FALSE,TRUE,TRUE,TRUE,FALSE,FALSE,TRUE,FALSE,TRUE,FALSE,FALSE,FALSE,,,0.73,100_256_230_100_267_25,historic_runs,Brandenburg
111,TRUE,fixed,auto,RYE,sim.json,crop.json,site.json,FALSE,dwd_core_ensemble,dwd_core_ensemble/csvs_dwd_core_ensemble,ICHEC-EC-EARTH,CLMcom-CCLM4-8-126,rcp85,r12i1p1,v1,2021-01-01,2099-12-31,FALSE,FALSE,TRUE,TRUE,TRUE,FALSE,FALSE,TRUE,FALSE,TRUE,FALSE,FALSE,FALSE,,,0.73,100_256_230_100_267_25,historic_runs,Brandenburg
112,TRUE,fixed,auto,RYE,sim.json,crop.json,site.json,FALSE,dwd_core_ensemble,dwd_core_ensemble/csvs_dwd_core_ensemble,ICHEC-EC-EARTH,CLMcom-CCLM4-8-127,rcp45,r12i1p1,v1,2021-01-01,2099-12-31,FALSE,FALSE,TRUE,TRUE,TRUE,FALSE,FALSE,TRUE,FALSE,TRUE,FALSE,FALSE,FALSE,,,0.73,100_256_230_100_267_25,historic_runs,Brandenburg
113,TRUE,fixed,auto,RYE,sim.json,crop.json,site.json,FALSE,dwd_core_ensemble,dwd_core_ensemble/csvs_dwd_core_ensemble,ICHEC-EC-EARTH,CLMcom-CCLM4-8-128,rcp85,r12i1p1,v1,2021-01-01,2099-12-31,FALSE,FALSE,TRUE,TRUE,TRUE,FALSE,FALSE,TRUE,FALSE,TRUE,FALSE,FALSE,FALSE,,,0.73,100_256_230_100_267_25,historic_runs,Brandenburg
114,TRUE,fixed,auto,RYE,sim.json,crop.json,site.json,FALSE,dwd_core_ensemble,dwd_core_ensemble/csvs_dwd_core_ensemble,ICHEC-EC-EARTH,CLMcom-CCLM4-8-129,rcp26,r12i1p1,v1,2021-01-01,2099-12-31,FALSE,FALSE,TRUE,TRUE,TRUE,FALSE,FALSE,TRUE,FALSE,TRUE,FALSE,FALSE,FALSE,,,0.73,100_256_230_100_267_25,historic_runs,Brandenburg
115,TRUE,fixed,auto,RYE,sim.json,crop.json,site.json,FALSE,dwd_core_ensemble,dwd_core_ensemble/csvs_dwd_core_ensemble,ICHEC-EC-EARTH,CLMcom-CCLM4-8-130,rcp26,r12i1p1,v1,2021-01-01,2099-12-31,FALSE,FALSE,TRUE,TRUE,TRUE,FALSE,FALSE,TRUE,FALSE,TRUE,FALSE,FALSE,FALSE,,,0.73,100_256_230_100_267_25,historic_runs,Brandenburg
116,TRUE,fixed,auto,RYE,sim.json,crop.json,site.json,FALSE,dwd_core_ensemble,dwd_core_ensemble/csvs_dwd_core_ensemble,ICHEC-EC-EARTH,CLMcom-CCLM4-8-131,rcp45,r12i1p1,v1,2021-01-01,2099-12-31,FALSE,FALSE,TRUE,TRUE,TRUE,FALSE,FALSE,TRUE,FALSE,TRUE,FALSE,FALSE,FALSE,,,0.73,100_256_230_100_267_25,historic_runs,Brandenburg
117,TRUE,fixed,auto,RYE,sim.json,crop.json,site.json,FALSE,dwd_core_ensemble,dwd_core_ensemble/csvs_dwd_core_ensemble,ICHEC-EC-EARTH,CLMcom-CCLM4-8-132,rcp45,r12i1p1,v1,2021-01-01,2099-12-31,FALSE,FALSE,TRUE,TRUE,TRUE,FALSE,FALSE,TRUE,FALSE,TRUE,FALSE,FALSE,FALSE,,,0.73,100_256_230_100_267_25,historic_runs,Brandenburg
118,TRUE,fixed,auto,RYE,sim.json,crop.json,site.json,FALSE,dwd_core_ensemble,dwd_core_ensemble/csvs_dwd_core_ensemble,ICHEC-EC-EARTH,CLMcom-CCLM4-8-133,rcp85,r12i1p1,v1,2021-01-01,2099-12-31,FALSE,FALSE,TRUE,TRUE,TRUE,FALSE,FALSE,TRUE,FALSE,TRUE,FALSE,FALSE,FALSE,,,0.73,100_256_230_100_267_25,historic_runs,Brandenburg
119,TRUE,fixed,auto,RYE,sim.json,crop.json,site.json,FALSE,dwd_core_ensemble,dwd_core_ensemble/csvs_dwd_core_ensemble,ICHEC-EC-EARTH,CLMcom-CCLM4-8-134,rcp85,r12i1p1,v1,2021-01-01,2099-12-31,FALSE,FALSE,TRUE,TRUE,TRUE,FALSE,FALSE,TRUE,FALSE,TRUE,FALSE,FALSE,FALSE,,,0.73,100_256_230_100_267_25,historic_runs,Brandenburg
120,TRUE,fixed,auto,RYE,sim.json,crop.json,site.json,FALSE,dwd_core_ensemble,dwd_core_ensemble/csvs_dwd_core_ensemble,ICHEC-EC-EARTH,CLMcom-CCLM4-8-135,rcp85,r12i1p1,v1,2021-01-01,2099-12-31,FALSE,FALSE,TRUE,TRUE,TRUE,FALSE,FALSE,TRUE,FALSE,TRUE,FALSE,FALSE,FALSE,,,0.73,100_256_230_100_267_25,historic_runs,Brandenburg
121,TRUE,fixed,auto,RYE,sim.json,crop.json,site.json,FALSE,dwd_core_ensemble,dwd_core_ensemble/csvs_dwd_core_ensemble,ICHEC-EC-EARTH,CLMcom-CCLM4-8-136,rcp26,r12i1p1,v1,2021-01-01,2099-12-31,FALSE,FALSE,TRUE,TRUE,TRUE,FALSE,FALSE,TRUE,FALSE,TRUE,FALSE,FALSE,FALSE,,,0.73,100_256_230_100_267_25,historic_runs,Brandenburg
122,TRUE,fixed,auto,RYE,sim.json,crop.json,site.json,FALSE,dwd_core_ensemble,dwd_core_ensemble/csvs_dwd_core_ensemble,ICHEC-EC-EARTH,CLMcom-CCLM4-8-137,rcp26,r12i1p1,v1,2021-01-01,2099-12-31,FALSE,FALSE,TRUE,TRUE,TRUE,FALSE,FALSE,TRUE,FALSE,TRUE,FALSE,FALSE,FALSE,,,0.73,100_256_230_100_267_25,historic_runs,Brandenburg
123,TRUE,fixed,auto,RYE,sim.json,crop.json,site.json,FALSE,dwd_core_ensemble,dwd_core_ensemble/csvs_dwd_core_ensemble,ICHEC-EC-EARTH,CLMcom-CCLM4-8-138,rcp45,r12i1p1,v1,2021-01-01,2099-12-31,FALSE,FALSE,TRUE,TRUE,TRUE,FALSE,FALSE,TRUE,FALSE,TRUE,FALSE,FALSE,FALSE,,,0.73,100_256_230_100_267_25,historic_runs,Brandenburg
124,TRUE,fixed,auto,RYE,sim.json,crop.json,site.json,FALSE,dwd_core_ensemble,dwd_core_ensemble/csvs_dwd_core_ensemble,ICHEC-EC-EARTH,CLMcom-CCLM4-8-139,rcp45,r12i1p1,v1,2021-01-01,2099-12-31,FALSE,FALSE,TRUE,TRUE,TRUE,FALSE,FALSE,TRUE,FALSE,TRUE,FALSE,FALSE,FALSE,,,0.73,100_256_230_100_267_25,historic_runs,Brandenburg
125,TRUE,fixed,auto,RYE,sim.json,crop.json,site.json,FALSE,dwd_core_ensemble,dwd_core_ensemble/csvs_dwd_core_ensemble,ICHEC-EC-EARTH,CLMcom-CCLM4-8-140,rcp85,r12i1p1,v1,2021-01-01,2099-12-31,FALSE,FALSE,TRUE,TRUE,TRUE,FALSE,FALSE,TRUE,FALSE,TRUE,FALSE,FALSE,FALSE,,,0.73,100_256_230_100_267_25,historic_runs,Brandenburg
126,TRUE,fixed,auto,RYE,sim.json,crop.json,site.json,FALSE,dwd_core_ensemble,dwd_core_ensemble/csvs_dwd_core_ensemble,ICHEC-EC-EARTH,CLMcom-CCLM4-8-141,rcp45,r12i1p1,v1,2021-01-01,2099-12-31,FALSE,FALSE,TRUE,TRUE,TRUE,FALSE,FALSE,TRUE,FALSE,TRUE,FALSE,FALSE,FALSE,,,0.73,100_256_230_100_267_25,historic_runs,Brandenburg
127,TRUE,fixed,auto,RYE,sim.json,crop.json,site.json,FALSE,dwd_core_ensemble,dwd_core_ensemble/csvs_dwd_core_ensemble,ICHEC-EC-EARTH,CLMcom-CCLM4-8-142,rcp26,r12i1p1,v1,2021-01-01,2099-12-31,FALSE,FALSE,TRUE,TRUE,TRUE,FALSE,FALSE,TRUE,FALSE,TRUE,FALSE,FALSE,FALSE,,,0.73,100_256_230_100_267_25,historic_runs,Brandenburg
128,TRUE,fixed,auto,RYE,sim.json,crop.json,site.json,FALSE,dwd_core_ensemble,dwd_core_ensemble/csvs_dwd_core_ensemble,ICHEC-EC-EARTH,CLMcom-CCLM4-8-143,rcp85,r12i1p1,v1,2021-01-01,2099-12-31,FALSE,FALSE,TRUE,TRUE,TRUE,FALSE,FALSE,TRUE,FALSE,TRUE,FALSE,FALSE,FALSE,,,0.73,100_256_230_100_267_25,historic_runs,Brandenburg
129,TRUE,fixed,auto,RYE,sim.json,crop.json,site.json,FALSE,dwd_core_ensemble,dwd_core_ensemble/csvs_dwd_core_ensemble,ICHEC-EC-EARTH,CLMcom-CCLM4-8-144,rcp45,r12i1p1,v1,2021-01-01,2099-12-31,FALSE,FALSE,TRUE,TRUE,TRUE,FALSE,FALSE,TRUE,FALSE,TRUE,FALSE,FALSE,FALSE,,,0.73,100_256_230_100_267_25,historic_runs,Brandenburg
130,TRUE,fixed,auto,RYE,sim.json,crop.json,site.json,FALSE,dwd_core_ensemble,dwd_core_ensemble/csvs_dwd_core_ensemble,ICHEC-EC-EARTH,CLMcom-CCLM4-8-145,rcp85,r12i1p1,v1,2021-01-01,2099-12-31,FALSE,FALSE,TRUE,TRUE,TRUE,FALSE,FALSE,TRUE,FALSE,TRUE,FALSE,FALSE,FALSE,,,0.73,100_256_230_100_267_25,historic_runs,Brandenburg
131,TRUE,fixed,auto,RYE,sim.json,crop.json,site.json,FALSE,dwd_core_ensemble,dwd_core_ensemble/csvs_dwd_core_ensemble,ICHEC-EC-EARTH,CLMcom-CCLM4-8-146,rcp26,r12i1p1,v1,2021-01-01,2099-12-31,FALSE,FALSE,TRUE,TRUE,TRUE,FALSE,FALSE,TRUE,FALSE,TRUE,FALSE,FALSE,FALSE,,,0.73,100_256_230_100_267_25,historic_runs,Brandenburg
132,TRUE,fixed,auto,RYE,sim.json,crop.json,site.json,FALSE,dwd_core_ensemble,dwd_core_ensemble/csvs_dwd_core_ensemble,ICHEC-EC-EARTH,CLMcom-CCLM4-8-147,rcp26,r12i1p1,v1,2021-01-01,2099-12-31,FALSE,FALSE,TRUE,TRUE,TRUE,FALSE,FALSE,TRUE,FALSE,TRUE,FALSE,FALSE,FALSE,,,0.73,100_256_230_100_267_25,historic_runs,Brandenburg
133,TRUE,fixed,auto,RYE,sim.json,crop.json,site.json,FALSE,dwd_core_ensemble,dwd_core_ensemble/csvs_dwd_core_ensemble,ICHEC-EC-EARTH,CLMcom-CCLM4-8-148,rcp45,r12i1p1,v1,2021-01-01,2099-12-31,FALSE,FALSE,TRUE,TRUE,TRUE,FALSE,FALSE,TRUE,FALSE,TRUE,FALSE,FALSE,FALSE,,,0.73,100_256_230_100_267_25,historic_runs,Brandenburg
134,TRUE,fixed,auto,RYE,sim.json,crop.json,site.json,FALSE,dwd_core_ensemble,dwd_core_ensemble/csvs_dwd_core_ensemble,ICHEC-EC-EARTH,CLMcom-CCLM4-8-149,rcp45,r12i1p1,v1,2021-01-01,2099-12-31,FALSE,FALSE,TRUE,TRUE,TRUE,FALSE,FALSE,TRUE,FALSE,TRUE,FALSE,FALSE,FALSE,,,0.73,100_256_230_100_267_25,historic_runs,Brandenburg
135,TRUE,fixed,auto,RYE,sim.json,crop.json,site.json,FALSE,dwd_core_ensemble,dwd_core_ensemble/csvs_dwd_core_ensemble,ICHEC-EC-EARTH,CLMcom-CCLM4-8-150,rcp85,r12i1p1,v1,2021-01-01,2099-12-31,FALSE,FALSE,TRUE,TRUE,TRUE,FALSE,FALSE,TRUE,FALSE,TRUE,FALSE,FALSE,FALSE,,,0.73,100_256_230_100_267_25,historic_runs,Brandenburg
136,TRUE,fixed,auto,RYE,sim.json,crop.json,site.json,FALSE,dwd_core_ensemble,dwd_core_ensemble/csvs_dwd_core_ensemble,ICHEC-EC-EARTH,CLMcom-CCLM4-8-151,rcp85,r12i1p1,v1,2021-01-01,2099-12-31,FALSE,FALSE,TRUE,TRUE,TRUE,FALSE,FALSE,TRUE,FALSE,TRUE,FALSE,FALSE,FALSE,,,0.73,100_256_230_100_267_25,historic_runs,Brandenburg
137,TRUE,fixed,auto,RYE,sim.json,crop.json,site.json,FALSE,dwd_core_ensemble,dwd_core_ensemble/csvs_dwd_core_ensemble,ICHEC-EC-EARTH,CLMcom-CCLM4-8-152,rcp85,r12i1p1,v1,2021-01-01,2099-12-31,FALSE,FALSE,TRUE,TRUE,TRUE,FALSE,FALSE,TRUE,FALSE,TRUE,FALSE,FALSE,FALSE,,,0.73,100_256_230_100_267_25,historic_runs,Brandenburg
138,TRUE,fixed,auto,RYE,sim.json,crop.json,site.json,FALSE,dwd_core_ensemble,dwd_core_ensemble/csvs_dwd_core_ensemble,ICHEC-EC-EARTH,CLMcom-CCLM4-8-153,rcp26,r12i1p1,v1,2021-01-01,2099-12-31,FALSE,FALSE,TRUE,TRUE,TRUE,FALSE,FALSE,TRUE,FALSE,TRUE,FALSE,FALSE,FALSE,,,0.73,100_256_230_100_267_25,historic_runs,Brandenburg
139,TRUE,fixed,auto,RYE,sim.json,crop.json,site.json,FALSE,dwd_core_ensemble,dwd_core_ensemble/csvs_dwd_core_ensemble,ICHEC-EC-EARTH,CLMcom-CCLM4-8-154,rcp26,r12i1p1,v1,2021-01-01,2099-12-31,FALSE,FALSE,TRUE,TRUE,TRUE,FALSE,FALSE,TRUE,FALSE,TRUE,FALSE,FALSE,FALSE,,,0.73,100_256_230_100_267_25,historic_runs,Brandenburg
140,TRUE,fixed,auto,RYE,sim.json,crop.json,site.json,FALSE,dwd_core_ensemble,dwd_core_ensemble/csvs_dwd_core_ensemble,ICHEC-EC-EARTH,CLMcom-CCLM4-8-155,rcp45,r12i1p1,v1,2021-01-01,2099-12-31,FALSE,FALSE,TRUE,TRUE,TRUE,FALSE,FALSE,TRUE,FALSE,TRUE,FALSE,FALSE,FALSE,,,0.73,100_256_230_100_267_25,historic_runs,Brandenburg
141,TRUE,fixed,auto,RYE,sim.json,crop.json,site.json,FALSE,dwd_core_ensemble,dwd_core_ensemble/csvs_dwd_core_ensemble,ICHEC-EC-EARTH,CLMcom-CCLM4-8-156,rcp45,r12i1p1,v1,2021-01-01,2099-12-31,FALSE,FALSE,TRUE,TRUE,TRUE,FALSE,FALSE,TRUE,FALSE,TRUE,FALSE,FALSE,FALSE,,,0.73,100_256_230_100_267_25,historic_runs,Brandenburg
142,TRUE,fixed,auto,RYE,sim.json,crop.json,site.json,FALSE,dwd_core_ensemble,dwd_core_ensemble/csvs_dwd_core_ensemble,ICHEC-EC-EARTH,CLMcom-CCLM4-8-157,rcp85,r12i1p1,v1,2021-01-01,2099-12-31,FALSE,FALSE,TRUE,TRUE,TRUE,FALSE,FALSE,TRUE,FALSE,TRUE,FALSE,FALSE,FALSE,,,0.73,100_256_230_100_267_25,historic_runs,Brandenburg
143,TRUE,fixed,auto,RYE,sim.json,crop.json,site.json,FALSE,dwd_core_ensemble,dwd_core_ensemble/csvs_dwd_core_ensemble,ICHEC-EC-EARTH,CLMcom-CCLM4-8-158,rcp45,r12i1p1,v1,2021-01-01,2099-12-31,FALSE,FALSE,TRUE,TRUE,TRUE,FALSE,FALSE,TRUE,FALSE,TRUE,FALSE,FALSE,FALSE,,,0.73,100_256_230_100_267_25,historic_runs,Brandenburg
144,TRUE,fixed,auto,RYE,sim.json,crop.json,site.json,FALSE,dwd_core_ensemble,dwd_core_ensemble/csvs_dwd_core_ensemble,ICHEC-EC-EARTH,CLMcom-CCLM4-8-159,rcp26,r12i1p1,v1,2021-01-01,2099-12-31,FALSE,FALSE,TRUE,TRUE,TRUE,FALSE,FALSE,TRUE,FALSE,TRUE,FALSE,FALSE,FALSE,,,0.73,100_256_230_100_267_25,historic_runs,Brandenburg
145,TRUE,fixed,auto,RYE,sim.json,crop.json,site.json,FALSE,dwd_core_ensemble,dwd_core_ensemble/csvs_dwd_core_ensemble,ICHEC-EC-EARTH,CLMcom-CCLM4-8-160,rcp85,r12i1p1,v1,2021-01-01,2099-12-31,FALSE,FALSE,TRUE,TRUE,TRUE,FALSE,FALSE,TRUE,FALSE,TRUE,FALSE,FALSE,FALSE,,,0.73,100_256_230_100_267_25,historic_runs,Brandenburg
146,TRUE,fixed,auto,RYE,sim.json,crop.json,site.json,FALSE,dwd_core_ensemble,dwd_core_ensemble/csvs_dwd_core_ensemble,ICHEC-EC-EARTH,CLMcom-CCLM4-8-161,rcp45,r12i1p1,v1,2021-01-01,2099-12-31,FALSE,FALSE,TRUE,TRUE,TRUE,FALSE,FALSE,TRUE,FALSE,TRUE,FALSE,FALSE,FALSE,,,0.73,100_256_230_100_267_25,historic_runs,Brandenburg
147,TRUE,fixed,auto,RYE,sim.json,crop.json,site.json,FALSE,dwd_core_ensemble,dwd_core_ensemble/csvs_dwd_core_ensemble,ICHEC-EC-EARTH,CLMcom-CCLM4-8-162,rcp85,r12i1p1,v1,2021-01-01,2099-12-31,FALSE,FALSE,TRUE,TRUE,TRUE,FALSE,FALSE,TRUE,FALSE,TRUE,FALSE,FALSE,FALSE,,,0.73,100_256_230_100_267_25,historic_runs,Brandenburg
148,TRUE,fixed,auto,RYE,sim.json,crop.json,site.json,FALSE,dwd_core_ensemble,dwd_core_ensemble/csvs_dwd_core_ensemble,ICHEC-EC-EARTH,CLMcom-CCLM4-8-163,rcp26,r12i1p1,v1,2021-01-01,2099-12-31,FALSE,FALSE,TRUE,TRUE,TRUE,FALSE,FALSE,TRUE,FALSE,TRUE,FALSE,FALSE,FALSE,,,1,100_256_230_100_267_25,historic_runs,Brandenburg
149,TRUE,fixed,auto,RYE,sim.json,crop.json,site.json,FALSE,dwd_core_ensemble,dwd_core_ensemble/csvs_dwd_core_ensemble,ICHEC-EC-EARTH,CLMcom-CCLM4-8-164,rcp26,r12i1p1,v1,2021-01-01,2099-12-31,FALSE,FALSE,TRUE,TRUE,TRUE,FALSE,FALSE,TRUE,FALSE,TRUE,FALSE,FALSE,FALSE,,,1,100_256_230_100_267_25,historic_runs,Brandenburg
150,TRUE,fixed,auto,RYE,sim.json,crop.json,site.json,FALSE,dwd_core_ensemble,dwd_core_ensemble/csvs_dwd_core_ensemble,ICHEC-EC-EARTH,CLMcom-CCLM4-8-165,rcp45,r12i1p1,v1,2021-01-01,2099-12-31,FALSE,FALSE,TRUE,TRUE,TRUE,FALSE,FALSE,TRUE,FALSE,TRUE,FALSE,FALSE,FALSE,,,1,100_256_230_100_267_25,historic_runs,Brandenburg
151,TRUE,fixed,auto,RYE,sim.json,crop.json,site.json,FALSE,dwd_core_ensemble,dwd_core_ensemble/csvs_dwd_core_ensemble,ICHEC-EC-EARTH,CLMcom-CCLM4-8-166,rcp45,r12i1p1,v1,2021-01-01,2099-12-31,FALSE,FALSE,TRUE,TRUE,TRUE,FALSE,FALSE,TRUE,FALSE,TRUE,FALSE,FALSE,FALSE,,,1,100_256_230_100_267_25,historic_runs,Brandenburg
152,TRUE,fixed,auto,RYE,sim.json,crop.json,site.json,FALSE,dwd_core_ensemble,dwd_core_ensemble/csvs_dwd_core_ensemble,ICHEC-EC-EARTH,CLMcom-CCLM4-8-167,rcp85,r12i1p1,v1,2021-01-01,2099-12-31,FALSE,FALSE,TRUE,TRUE,TRUE,FALSE,FALSE,TRUE,FALSE,TRUE,FALSE,FALSE,FALSE,,,1,100_256_230_100_267_25,historic_runs,Brandenburg
153,TRUE,fixed,auto,RYE,sim.json,crop.json,site.json,FALSE,dwd_core_ensemble,dwd_core_ensemble/csvs_dwd_core_ensemble,ICHEC-EC-EARTH,CLMcom-CCLM4-8-168,rcp85,r12i1p1,v1,2021-01-01,2099-12-31,FALSE,FALSE,TRUE,TRUE,TRUE,FALSE,FALSE,TRUE,FALSE,TRUE,FALSE,FALSE,FALSE,,,1,100_256_230_100_267_25,historic_runs,Brandenburg
154,TRUE,fixed,auto,RYE,sim.json,crop.json,site.json,FALSE,dwd_core_ensemble,dwd_core_ensemble/csvs_dwd_core_ensemble,ICHEC-EC-EARTH,CLMcom-CCLM4-8-169,rcp85,r12i1p1,v1,2021-01-01,2099-12-31,FALSE,FALSE,TRUE,TRUE,TRUE,FALSE,FALSE,TRUE,FALSE,TRUE,FALSE,FALSE,FALSE,,,1,100_256_230_100_267_25,historic_runs,Brandenburg
155,TRUE,fixed,auto,RYE,sim.json,crop.json,site.json,FALSE,dwd_core_ensemble,dwd_core_ensemble/csvs_dwd_core_ensemble,ICHEC-EC-EARTH,CLMcom-CCLM4-8-170,rcp26,r12i1p1,v1,2021-01-01,2099-12-31,FALSE,FALSE,TRUE,TRUE,TRUE,FALSE,FALSE,TRUE,FALSE,TRUE,FALSE,FALSE,FALSE,,,1,100_256_230_100_267_25,historic_runs,Brandenburg
156,TRUE,fixed,auto,RYE,sim.json,crop.json,site.json,FALSE,dwd_core_ensemble,dwd_core_ensemble/csvs_dwd_core_ensemble,ICHEC-EC-EARTH,CLMcom-CCLM4-8-171,rcp26,r12i1p1,v1,2021-01-01,2099-12-31,FALSE,FALSE,TRUE,TRUE,TRUE,FALSE,FALSE,TRUE,FALSE,TRUE,FALSE,FALSE,FALSE,,,1,100_256_230_100_267_25,historic_runs,Brandenburg
157,TRUE,fixed,auto,RYE,sim.json,crop.json,site.json,FALSE,dwd_core_ensemble,dwd_core_ensemble/csvs_dwd_core_ensemble,ICHEC-EC-EARTH,CLMcom-CCLM4-8-172,rcp45,r12i1p1,v1,2021-01-01,2099-12-31,FALSE,FALSE,TRUE,TRUE,TRUE,FALSE,FALSE,TRUE,FALSE,TRUE,FALSE,FALSE,FALSE,,,1,100_256_230_100_267_25,historic_runs,Brandenburg
158,TRUE,fixed,auto,RYE,sim.json,crop.json,site.json,FALSE,dwd_core_ensemble,dwd_core_ensemble/csvs_dwd_core_ensemble,ICHEC-EC-EARTH,CLMcom-CCLM4-8-173,rcp45,r12i1p1,v1,2021-01-01,2099-12-31,FALSE,FALSE,TRUE,TRUE,TRUE,FALSE,FALSE,TRUE,FALSE,TRUE,FALSE,FALSE,FALSE,,,1,100_256_230_100_267_25,historic_runs,Brandenburg
159,TRUE,fixed,auto,RYE,sim.json,crop.json,site.json,FALSE,dwd_core_ensemble,dwd_core_ensemble/csvs_dwd_core_ensemble,ICHEC-EC-EARTH,CLMcom-CCLM4-8-174,rcp85,r12i1p1,v1,2021-01-01,2099-12-31,FALSE,FALSE,TRUE,TRUE,TRUE,FALSE,FALSE,TRUE,FALSE,TRUE,FALSE,FALSE,FALSE,,,1,100_256_230_100_267_25,historic_runs,Brandenburg
160,TRUE,fixed,auto,RYE,sim.json,crop.json,site.json,FALSE,dwd_core_ensemble,dwd_core_ensemble/csvs_dwd_core_ensemble,ICHEC-EC-EARTH,CLMcom-CCLM4-8-175,rcp45,r12i1p1,v1,2021-01-01,2099-12-31,FALSE,FALSE,TRUE,TRUE,TRUE,FALSE,FALSE,TRUE,FALSE,TRUE,FALSE,FALSE,FALSE,,,1,100_256_230_100_267_25,historic_runs,Brandenburg
161,TRUE,fixed,auto,RYE,sim.json,crop.json,site.json,FALSE,dwd_core_ensemble,dwd_core_ensemble/csvs_dwd_core_ensemble,ICHEC-EC-EARTH,CLMcom-CCLM4-8-176,rcp26,r12i1p1,v1,2021-01-01,2099-12-31,FALSE,FALSE,TRUE,TRUE,TRUE,FALSE,FALSE,TRUE,FALSE,TRUE,FALSE,FALSE,FALSE,,,1,100_256_230_100_267_25,historic_runs,Brandenburg
162,TRUE,fixed,auto,RYE,sim.json,crop.json,site.json,FALSE,dwd_core_ensemble,dwd_core_ensemble/csvs_dwd_core_ensemble,ICHEC-EC-EARTH,CLMcom-CCLM4-8-177,rcp85,r12i1p1,v1,2021-01-01,2099-12-31,FALSE,FALSE,TRUE,TRUE,TRUE,FALSE,FALSE,TRUE,FALSE,TRUE,FALSE,FALSE,FALSE,,,1,100_256_230_100_267_25,historic_runs,Brandenburg
163,TRUE,fixed,auto,RYE,sim.json,crop.json,site.json,FALSE,dwd_core_ensemble,dwd_core_ensemble/csvs_dwd_core_ensemble,ICHEC-EC-EARTH,CLMcom-CCLM4-8-178,rcp45,r12i1p1,v1,2021-01-01,2099-12-31,FALSE,FALSE,TRUE,TRUE,TRUE,FALSE,FALSE,TRUE,FALSE,TRUE,FALSE,FALSE,FALSE,,,1,100_256_230_100_267_25,historic_runs,Brandenburg
164,TRUE,fixed,auto,RYE,sim.json,crop.json,site.json,FALSE,dwd_core_ensemble,dwd_core_ensemble/csvs_dwd_core_ensemble,ICHEC-EC-EARTH,CLMcom-CCLM4-8-179,rcp85,r12i1p1,v1,2021-01-01,2099-12-31,FALSE,FALSE,TRUE,TRUE,TRUE,FALSE,FALSE,TRUE,FALSE,TRUE,FALSE,FALSE,FALSE,,,1,100_256_230_100_267_25,historic_runs,Brandenburg
165,TRUE,fixed,auto,RYE,sim.json,crop.json,site.json,FALSE,dwd_core_ensemble,dwd_core_ensemble/csvs_dwd_core_ensemble,ICHEC-EC-EARTH,CLMcom-CCLM4-8-180,rcp26,r12i1p1,v1,2021-01-01,2099-12-31,FALSE,FALSE,TRUE,TRUE,TRUE,FALSE,FALSE,TRUE,FALSE,TRUE,FALSE,FALSE,FALSE,,,1,100_256_230_100_267_25,historic_runs,Brandenburg
166,TRUE,fixed,auto,RYE,sim.json,crop.json,site.json,FALSE,dwd_core_ensemble,dwd_core_ensemble/csvs_dwd_core_ensemble,ICHEC-EC-EARTH,CLMcom-CCLM4-8-181,rcp26,r12i1p1,v1,2021-01-01,2099-12-31,FALSE,FALSE,TRUE,TRUE,TRUE,FALSE,FALSE,TRUE,FALSE,TRUE,FALSE,FALSE,FALSE,,,1,100_256_230_100_267_25,historic_runs,Brandenburg
167,TRUE,fixed,auto,RYE,sim.json,crop.json,site.json,FALSE,dwd_core_ensemble,dwd_core_ensemble/csvs_dwd_core_ensemble,ICHEC-EC-EARTH,CLMcom-CCLM4-8-182,rcp45,r12i1p1,v1,2021-01-01,2099-12-31,FALSE,FALSE,TRUE,TRUE,TRUE,FALSE,FALSE,TRUE,FALSE,TRUE,FALSE,FALSE,FALSE,,,1,100_256_230_100_267_25,historic_runs,Brandenburg
168,TRUE,fixed,auto,RYE,sim.json,crop.json,site.json,FALSE,dwd_core_ensemble,dwd_core_ensemble/csvs_dwd_core_ensemble,ICHEC-EC-EARTH,CLMcom-CCLM4-8-183,rcp45,r12i1p1,v1,2021-01-01,2099-12-31,FALSE,FALSE,TRUE,TRUE,TRUE,FALSE,FALSE,TRUE,FALSE,TRUE,FALSE,FALSE,FALSE,,,1,100_256_230_100_267_25,historic_runs,Brandenburg
169,TRUE,fixed,auto,RYE,sim.json,crop.json,site.json,FALSE,dwd_core_ensemble,dwd_core_ensemble/csvs_dwd_core_ensemble,ICHEC-EC-EARTH,CLMcom-CCLM4-8-184,rcp85,r12i1p1,v1,2021-01-01,2099-12-31,FALSE,FALSE,TRUE,TRUE,TRUE,FALSE,FALSE,TRUE,FALSE,TRUE,FALSE,FALSE,FALSE,,,1,100_256_230_100_267_25,historic_runs,Brandenburg
170,TRUE,fixed,auto,RYE,sim.json,crop.json,site.json,FALSE,dwd_core_ensemble,dwd_core_ensemble/csvs_dwd_core_ensemble,ICHEC-EC-EARTH,CLMcom-CCLM4-8-185,rcp85,r12i1p1,v1,2021-01-01,2099-12-31,FALSE,FALSE,TRUE,TRUE,TRUE,FALSE,FALSE,TRUE,FALSE,TRUE,FALSE,FALSE,FALSE,,,1,100_256_230_100_267_25,historic_runs,Brandenburg
171,TRUE,fixed,auto,RYE,sim.json,crop.json,site.json,FALSE,dwd_core_ensemble,dwd_core_ensemble/csvs_dwd_core_ensemble,ICHEC-EC-EARTH,CLMcom-CCLM4-8-186,rcp85,r12i1p1,v1,2021-01-01,2099-12-31,FALSE,FALSE,TRUE,TRUE,TRUE,FALSE,FALSE,TRUE,FALSE,TRUE,FALSE,FALSE,FALSE,,,1,100_256_230_100_267_25,historic_runs,Brandenburg
172,TRUE,fixed,auto,RYE,sim.json,crop.json,site.json,FALSE,dwd_core_ensemble,dwd_core_ensemble/csvs_dwd_core_ensemble,ICHEC-EC-EARTH,CLMcom-CCLM4-8-187,rcp26,r12i1p1,v1,2021-01-01,2099-12-31,FALSE,FALSE,TRUE,TRUE,TRUE,FALSE,FALSE,TRUE,FALSE,TRUE,FALSE,FALSE,FALSE,,,1,100_256_230_100_267_25,historic_runs,Brandenburg
173,TRUE,fixed,auto,RYE,sim.json,crop.json,site.json,FALSE,dwd_core_ensemble,dwd_core_ensemble/csvs_dwd_core_ensemble,ICHEC-EC-EARTH,CLMcom-CCLM4-8-188,rcp26,r12i1p1,v1,2021-01-01,2099-12-31,FALSE,FALSE,TRUE,TRUE,TRUE,FALSE,FALSE,TRUE,FALSE,TRUE,FALSE,FALSE,FALSE,,,1,100_256_230_100_267_25,historic_runs,Brandenburg
174,TRUE,fixed,auto,RYE,sim.json,crop.json,site.json,FALSE,dwd_core_ensemble,dwd_core_ensemble/csvs_dwd_core_ensemble,ICHEC-EC-EARTH,CLMcom-CCLM4-8-189,rcp45,r12i1p1,v1,2021-01-01,2099-12-31,FALSE,FALSE,TRUE,TRUE,TRUE,FALSE,FALSE,TRUE,FALSE,TRUE,FALSE,FALSE,FALSE,,,1,100_256_230_100_267_25,historic_runs,Brandenburg
175,TRUE,fixed,auto,RYE,sim.json,crop.json,site.json,FALSE,dwd_core_ensemble,dwd_core_ensemble/csvs_dwd_core_ensemble,ICHEC-EC-EARTH,CLMcom-CCLM4-8-190,rcp45,r12i1p1,v1,2021-01-01,2099-12-31,FALSE,FALSE,TRUE,TRUE,TRUE,FALSE,FALSE,TRUE,FALSE,TRUE,FALSE,FALSE,FALSE,,,1,100_256_230_100_267_25,historic_runs,Brandenburg
176,TRUE,fixed,auto,RYE,sim.json,crop.json,site.json,FALSE,dwd_core_ensemble,dwd_core_ensemble/csvs_dwd_core_ensemble,ICHEC-EC-EARTH,CLMcom-CCLM4-8-191,rcp85,r12i1p1,v1,2021-01-01,2099-12-31,FALSE,FALSE,TRUE,TRUE,TRUE,FALSE,FALSE,TRUE,FALSE,TRUE,FALSE,FALSE,FALSE,,,1,100_256_230_100_267_25,historic_runs,Brandenburg
177,TRUE,fixed,auto,RYE,sim.json,crop.json,site.json,FALSE,dwd_core_ensemble,dwd_core_ensemble/csvs_dwd_core_ensemble,ICHEC-EC-EARTH,CLMcom-CCLM4-8-192,rcp45,r12i1p1,v1,2021-01-01,2099-12-31,FALSE,FALSE,TRUE,TRUE,TRUE,FALSE,FALSE,TRUE,FALSE,TRUE,FALSE,FALSE,FALSE,,,1,100_256_230_100_267_25,historic_runs,Brandenburg
178,TRUE,fixed,auto,RYE,sim.json,crop.json,site.json,FALSE,dwd_core_ensemble,dwd_core_ensemble/csvs_dwd_core_ensemble,ICHEC-EC-EARTH,CLMcom-CCLM4-8-193,rcp26,r12i1p1,v1,2021-01-01,2099-12-31,FALSE,FALSE,TRUE,TRUE,TRUE,FALSE,FALSE,TRUE,FALSE,TRUE,FALSE,FALSE,FALSE,,,1,100_256_230_100_267_25,historic_runs,Brandenburg
179,TRUE,fixed,auto,RYE,sim.json,crop.json,site.json,FALSE,dwd_core_ensemble,dwd_core_ensemble/csvs_dwd_core_ensemble,ICHEC-EC-EARTH,CLMcom-CCLM4-8-194,rcp85,r12i1p1,v1,2021-01-01,2099-12-31,FALSE,FALSE,TRUE,TRUE,TRUE,FALSE,FALSE,TRUE,FALSE,TRUE,FALSE,FALSE,FALSE,,,1,100_256_230_100_267_25,historic_runs,Brandenburg
180,TRUE,fixed,auto,RYE,sim.json,crop.json,site.json,FALSE,dwd_core_ensemble,dwd_core_ensemble/csvs_dwd_core_ensemble,ICHEC-EC-EARTH,CLMcom-CCLM4-8-195,rcp45,r12i1p1,v1,2021-01-01,2099-12-31,FALSE,FALSE,TRUE,TRUE,TRUE,FALSE,FALSE,TRUE,FALSE,TRUE,FALSE,FALSE,FALSE,,,1,100_256_230_100_267_25,historic_runs,Brandenburg
181,TRUE,fixed,auto,RYE,sim.json,crop.json,site.json,FALSE,dwd_core_ensemble,dwd_core_ensemble/csvs_dwd_core_ensemble,ICHEC-EC-EARTH,CLMcom-CCLM4-8-196,rcp85,r12i1p1,v1,2021-01-01,2099-12-31,FALSE,FALSE,TRUE,TRUE,TRUE,FALSE,FALSE,TRUE,FALSE,TRUE,FALSE,FALSE,FALSE,,,1,100_256_230_100_267_25,historic_runs,Brandenburg
182,TRUE,fixed,auto,RYE,sim.json,crop.json,site.json,FALSE,dwd_core_ensemble,dwd_core_ensemble/csvs_dwd_core_ensemble,ICHEC-EC-EARTH,CLMcom-CCLM4-8-197,rcp26,r12i1p1,v1,2021-01-01,2099-12-31,FALSE,FALSE,TRUE,TRUE,TRUE,FALSE,FALSE,TRUE,FALSE,TRUE,FALSE,FALSE,FALSE,,,1,100_256_230_100_267_25,historic_runs,Brandenburg
183,TRUE,fixed,auto,RYE,sim.json,crop.json,site.json,FALSE,dwd_core_ensemble,dwd_core_ensemble/csvs_dwd_core_ensemble,ICHEC-EC-EARTH,CLMcom-CCLM4-8-198,rcp26,r12i1p1,v1,2021-01-01,2099-12-31,FALSE,FALSE,TRUE,TRUE,TRUE,FALSE,FALSE,TRUE,FALSE,TRUE,FALSE,FALSE,FALSE,,,1,100_256_230_100_267_25,historic_runs,Brandenburg
184,TRUE,fixed,auto,RYE,sim.json,crop.json,site.json,FALSE,dwd_core_ensemble,dwd_core_ensemble/csvs_dwd_core_ensemble,ICHEC-EC-EARTH,CLMcom-CCLM4-8-199,rcp45,r12i1p1,v1,2021-01-01,2099-12-31,FALSE,FALSE,TRUE,TRUE,TRUE,FALSE,FALSE,TRUE,FALSE,TRUE,FALSE,FALSE,FALSE,,,1,100_256_230_100_267_25,historic_runs,Brandenburg
185,TRUE,fixed,auto,RYE,sim.json,crop.json,site.json,FALSE,dwd_core_ensemble,dwd_core_ensemble/csvs_dwd_core_ensemble,ICHEC-EC-EARTH,CLMcom-CCLM4-8-200,rcp45,r12i1p1,v1,2021-01-01,2099-12-31,FALSE,FALSE,TRUE,TRUE,TRUE,FALSE,FALSE,TRUE,FALSE,TRUE,FALSE,FALSE,FALSE,,,1,100_256_230_100_267_25,historic_runs,Brandenburg
186,TRUE,fixed,auto,RYE,sim.json,crop.json,site.json,FALSE,dwd_core_ensemble,dwd_core_ensemble/csvs_dwd_core_ensemble,ICHEC-EC-EARTH,CLMcom-CCLM4-8-201,rcp85,r12i1p1,v1,2021-01-01,2099-12-31,FALSE,FALSE,TRUE,TRUE,TRUE,FALSE,FALSE,TRUE,FALSE,TRUE,FALSE,FALSE,FALSE,,,1,100_256_230_100_267_25,historic_runs,Brandenburg
187,TRUE,fixed,auto,RYE,sim.json,crop.json,site.json,FALSE,dwd_core_ensemble,dwd_core_ensemble/csvs_dwd_core_ensemble,ICHEC-EC-EARTH,CLMcom-CCLM4-8-202,rcp85,r12i1p1,v1,2021-01-01,2099-12-31,FALSE,FALSE,TRUE,TRUE,TRUE,FALSE,FALSE,TRUE,FALSE,TRUE,FALSE,FALSE,FALSE,,,1,100_256_230_100_267_25,historic_runs,Brandenburg
188,TRUE,fixed,auto,RYE,sim.json,crop.json,site.json,FALSE,dwd_core_ensemble,dwd_core_ensemble/csvs_dwd_core_ensemble,ICHEC-EC-EARTH,CLMcom-CCLM4-8-203,rcp85,r12i1p1,v1,2021-01-01,2099-12-31,FALSE,FALSE,TRUE,TRUE,TRUE,FALSE,FALSE,TRUE,FALSE,TRUE,FALSE,FALSE,FALSE,,,1,100_256_230_100_267_25,historic_runs,Brandenburg
189,TRUE,fixed,auto,RYE,sim.json,crop.json,site.json,FALSE,dwd_core_ensemble,dwd_core_ensemble/csvs_dwd_core_ensemble,ICHEC-EC-EARTH,CLMcom-CCLM4-8-204,rcp26,r12i1p1,v1,2021-01-01,2099-12-31,FALSE,FALSE,TRUE,TRUE,TRUE,FALSE,FALSE,TRUE,FALSE,TRUE,FALSE,FALSE,FALSE,,,1,100_256_230_100_267_25,historic_runs,Brandenburg
190,TRUE,fixed,auto,RYE,sim.json,crop.json,site.json,FALSE,dwd_core_ensemble,dwd_core_ensemble/csvs_dwd_core_ensemble,ICHEC-EC-EARTH,CLMcom-CCLM4-8-205,rcp26,r12i1p1,v1,2021-01-01,2099-12-31,FALSE,FALSE,TRUE,TRUE,TRUE,FALSE,FALSE,TRUE,FALSE,TRUE,FALSE,FALSE,FALSE,,,1,100_256_230_100_267_25,historic_runs,Brandenburg
191,TRUE,fixed,auto,RYE,sim.json,crop.json,site.json,FALSE,dwd_core_ensemble,dwd_core_ensemble/csvs_dwd_core_ensemble,ICHEC-EC-EARTH,CLMcom-CCLM4-8-206,rcp45,r12i1p1,v1,2021-01-01,2099-12-31,FALSE,FALSE,TRUE,TRUE,TRUE,FALSE,FALSE,TRUE,FALSE,TRUE,FALSE,FALSE,FALSE,,,1,100_256_230_100_267_25,historic_runs,Brandenburg
192,TRUE,fixed,auto,RYE,sim.json,crop.json,site.json,FALSE,dwd_core_ensemble,dwd_core_ensemble/csvs_dwd_core_ensemble,ICHEC-EC-EARTH,CLMcom-CCLM4-8-207,rcp45,r12i1p1,v1,2021-01-01,2099-12-31,FALSE,FALSE,TRUE,TRUE,TRUE,FALSE,FALSE,TRUE,FALSE,TRUE,FALSE,FALSE,FALSE,,,1,100_256_230_100_267_25,historic_runs,Brandenburg
193,TRUE,fixed,auto,RYE,sim.json,crop.json,site.json,FALSE,dwd_core_ensemble,dwd_core_ensemble/csvs_dwd_core_ensemble,ICHEC-EC-EARTH,CLMcom-CCLM4-8-208,rcp85,r12i1p1,v1,2021-01-01,2099-12-31,FALSE,FALSE,TRUE,TRUE,TRUE,FALSE,FALSE,TRUE,FALSE,TRUE,FALSE,FALSE,FALSE,,,1,100_256_230_100_267_25,historic_runs,Brandenburg
194,TRUE,fixed,auto,RYE,sim.json,crop.json,site.json,FALSE,dwd_core_ensemble,dwd_core_ensemble/csvs_dwd_core_ensemble,ICHEC-EC-EARTH,CLMcom-CCLM4-8-209,rcp45,r12i1p1,v1,2021-01-01,2099-12-31,FALSE,FALSE,TRUE,TRUE,TRUE,FALSE,FALSE,TRUE,FALSE,TRUE,FALSE,FALSE,FALSE,,,1,100_256_230_100_267_25,historic_runs,Brandenburg
195,TRUE,fixed,auto,RYE,sim.json,crop.json,site.json,FALSE,dwd_core_ensemble,dwd_core_ensemble/csvs_dwd_core_ensemble,ICHEC-EC-EARTH,CLMcom-CCLM4-8-210,rcp26,r12i1p1,v1,2021-01-01,2099-12-31,FALSE,FALSE,TRUE,TRUE,TRUE,FALSE,FALSE,TRUE,FALSE,TRUE,FALSE,FALSE,FALSE,,,1,100_256_230_100_267_25,historic_runs,Brandenburg
196,TRUE,fixed,auto,RYE,sim.json,crop.json,site.json,FALSE,dwd_core_ensemble,dwd_core_ensemble/csvs_dwd_core_ensemble,ICHEC-EC-EARTH,CLMcom-CCLM4-8-211,rcp85,r12i1p1,v1,2021-01-01,2099-12-31,FALSE,FALSE,TRUE,TRUE,TRUE,FALSE,FALSE,TRUE,FALSE,TRUE,FALSE,FALSE,FALSE,,,1,100_256_230_100_267_25,historic_runs,Brandenburg
197,TRUE,fixed,auto,RYE,sim.json,crop.json,site.json,FALSE,dwd_core_ensemble,dwd_core_ensemble/csvs_dwd_core_ensemble,ICHEC-EC-EARTH,CLMcom-CCLM4-8-212,rcp45,r12i1p1,v1,2021-01-01,2099-12-31,FALSE,FALSE,TRUE,TRUE,TRUE,FALSE,FALSE,TRUE,FALSE,TRUE,FALSE,FALSE,FALSE,,,1,100_256_230_100_267_25,historic_runs,Brandenburg
198,TRUE,fixed,auto,RYE,sim.json,crop.json,site.json,FALSE,dwd_core_ensemble,dwd_core_ensemble/csvs_dwd_core_ensemble,ICHEC-EC-EARTH,CLMcom-CCLM4-8-213,rcp85,r12i1p1,v1,2021-01-01,2099-12-31,FALSE,FALSE,TRUE,TRUE,TRUE,FALSE,FALSE,TRUE,FALSE,TRUE,FALSE,FALSE,FALSE,,,1,100_256_230_100_267_25,historic_runs,Brandenburg
199,TRUE,fixed,auto,RYE,sim.json,crop.json,site.json,FALSE,dwd_core_ensemble,dwd_core_ensemble/csvs_dwd_core_ensemble,ICHEC-EC-EARTH,CLMcom-CCLM4-8-214,rcp26,r12i1p1,v1,2021-01-01,2099-12-31,FALSE,FALSE,TRUE,TRUE,TRUE,FALSE,FALSE,TRUE,FALSE,TRUE,FALSE,FALSE,FALSE,,,1,100_256_230_100_267_25,historic_runs,Brandenburg
200,TRUE,fixed,auto,RYE,sim.json,crop.json,site.json,FALSE,dwd_core_ensemble,dwd_core_ensemble/csvs_dwd_core_ensemble,ICHEC-EC-EARTH,CLMcom-CCLM4-8-215,rcp26,r12i1p1,v1,2021-01-01,2099-12-31,FALSE,FALSE,TRUE,TRUE,TRUE,FALSE,FALSE,TRUE,FALSE,TRUE,FALSE,FALSE,FALSE,,,1,100_256_230_100_267_25,historic_runs,Brandenburg
201,TRUE,fixed,auto,RYE,sim.json,crop.json,site.json,FALSE,dwd_core_ensemble,dwd_core_ensemble/csvs_dwd_core_ensemble,ICHEC-EC-EARTH,CLMcom-CCLM4-8-216,rcp45,r12i1p1,v1,2021-01-01,2099-12-31,FALSE,FALSE,TRUE,TRUE,TRUE,FALSE,FALSE,TRUE,FALSE,TRUE,FALSE,FALSE,FALSE,,,1,100_256_230_100_267_25,historic_runs,Brandenburg
202,TRUE,fixed,auto,RYE,sim.json,crop.json,site.json,FALSE,dwd_core_ensemble,dwd_core_ensemble/csvs_dwd_core_ensemble,ICHEC-EC-EARTH,CLMcom-CCLM4-8-217,rcp45,r12i1p1,v1,2021-01-01,2099-12-31,FALSE,FALSE,TRUE,TRUE,TRUE,FALSE,FALSE,TRUE,FALSE,TRUE,FALSE,FALSE,FALSE,,,1,100_256_230_100_267_25,historic_runs,Brandenburg
203,TRUE,fixed,auto,RYE,sim.json,crop.json,site.json,FALSE,dwd_core_ensemble,dwd_core_ensemble/csvs_dwd_core_ensemble,ICHEC-EC-EARTH,CLMcom-CCLM4-8-218,rcp85,r12i1p1,v1,2021-01-01,2099-12-31,FALSE,FALSE,TRUE,TRUE,TRUE,FALSE,FALSE,TRUE,FALSE,TRUE,FALSE,FALSE,FALSE,,,1,100_256_230_100_267_25,historic_runs,Brandenburg
204,TRUE,fixed,auto,RYE,sim.json,crop.json,site.json,FALSE,dwd_core_ensemble,dwd_core_ensemble/csvs_dwd_core_ensemble,ICHEC-EC-EARTH,CLMcom-CCLM4-8-219,rcp85,r12i1p1,v1,2021-01-01,2099-12-31,FALSE,FALSE,TRUE,TRUE,TRUE,FALSE,FALSE,TRUE,FALSE,TRUE,FALSE,FALSE,FALSE,,,1,100_256_230_100_267_25,historic_runs,Brandenburg
205,TRUE,fixed,auto,RYE,sim.json,crop.json,site.json,FALSE,dwd_core_ensemble,dwd_core_ensemble/csvs_dwd_core_ensemble,ICHEC-EC-EARTH,CLMcom-CCLM4-8-220,rcp85,r12i1p1,v1,2021-01-01,2099-12-31,FALSE,FALSE,TRUE,TRUE,TRUE,FALSE,FALSE,TRUE,FALSE,TRUE,FALSE,FALSE,FALSE,,,1,100_256_230_100_267_25,historic_runs,Brandenburg
206,TRUE,fixed,auto,RYE,sim.json,crop.json,site.json,FALSE,dwd_core_ensemble,dwd_core_ensemble/csvs_dwd_core_ensemble,ICHEC-EC-EARTH,CLMcom-CCLM4-8-221,rcp26,r12i1p1,v1,2021-01-01,2099-12-31,FALSE,FALSE,TRUE,TRUE,TRUE,FALSE,FALSE,TRUE,FALSE,TRUE,FALSE,FALSE,FALSE,,,1,100_256_230_100_267_25,historic_runs,Brandenburg
207,TRUE,fixed,auto,RYE,sim.json,crop.json,site.json,FALSE,dwd_core_ensemble,dwd_core_ensemble/csvs_dwd_core_ensemble,ICHEC-EC-EARTH,CLMcom-CCLM4-8-222,rcp26,r12i1p1,v1,2021-01-01,2099-12-31,FALSE,FALSE,TRUE,TRUE,TRUE,FALSE,FALSE,TRUE,FALSE,TRUE,FALSE,FALSE,FALSE,,,1,100_256_230_100_267_25,historic_runs,Brandenburg
208,TRUE,fixed,auto,RYE,sim.json,crop.json,site.json,FALSE,dwd_core_ensemble,dwd_core_ensemble/csvs_dwd_core_ensemble,ICHEC-EC-EARTH,CLMcom-CCLM4-8-223,rcp45,r12i1p1,v1,2021-01-01,2099-12-31,FALSE,FALSE,TRUE,TRUE,TRUE,FALSE,FALSE,TRUE,FALSE,TRUE,FALSE,FALSE,FALSE,,,1,100_256_230_100_267_25,historic_runs,Brandenburg
209,TRUE,fixed,auto,RYE,sim.json,crop.json,site.json,FALSE,dwd_core_ensemble,dwd_core_ensemble/csvs_dwd_core_ensemble,ICHEC-EC-EARTH,CLMcom-CCLM4-8-224,rcp45,r12i1p1,v1,2021-01-01,2099-12-31,FALSE,FALSE,TRUE,TRUE,TRUE,FALSE,FALSE,TRUE,FALSE,TRUE,FALSE,FALSE,FALSE,,,1,100_256_230_100_267_25,historic_runs,Brandenburg
210,TRUE,fixed,auto,RYE,sim.json,crop.json,site.json,FALSE,dwd_core_ensemble,dwd_core_ensemble/csvs_dwd_core_ensemble,ICHEC-EC-EARTH,CLMcom-CCLM4-8-225,rcp85,r12i1p1,v1,2021-01-01,2099-12-31,FALSE,FALSE,TRUE,TRUE,TRUE,FALSE,FALSE,TRUE,FALSE,TRUE,FALSE,FALSE,FALSE,,,1,100_256_230_100_267_25,historic_runs,Brandenburg
211,TRUE,fixed,auto,RYE,sim.json,crop.json,site.json,FALSE,dwd_core_ensemble,dwd_core_ensemble/csvs_dwd_core_ensemble,ICHEC-EC-EARTH,CLMcom-CCLM4-8-226,rcp45,r12i1p1,v1,2021-01-01,2099-12-31,FALSE,FALSE,TRUE,TRUE,TRUE,FALSE,FALSE,TRUE,FALSE,TRUE,FALSE,FALSE,FALSE,,,1,100_256_230_100_267_25,historic_runs,Brandenburg
212,TRUE,fixed,auto,RYE,sim.json,crop.json,site.json,FALSE,dwd_core_ensemble,dwd_core_ensemble/csvs_dwd_core_ensemble,ICHEC-EC-EARTH,CLMcom-CCLM4-8-227,rcp26,r12i1p1,v1,2021-01-01,2099-12-31,FALSE,FALSE,TRUE,TRUE,TRUE,FALSE,FALSE,TRUE,FALSE,TRUE,FALSE,FALSE,FALSE,,,1,100_256_230_100_267_25,historic_runs,Brandenburg
213,TRUE,fixed,auto,RYE,sim.json,crop.json,site.json,FALSE,dwd_core_ensemble,dwd_core_ensemble/csvs_dwd_core_ensemble,ICHEC-EC-EARTH,CLMcom-CCLM4-8-228,rcp85,r12i1p1,v1,2021-01-01,2099-12-31,FALSE,FALSE,TRUE,TRUE,TRUE,FALSE,FALSE,TRUE,FALSE,TRUE,FALSE,FALSE,FALSE,,,1,100_256_230_100_267_25,historic_runs,Brandenburg
214,TRUE,fixed,auto,RYE,sim.json,crop.json,site.json,FALSE,dwd_core_ensemble,dwd_core_ensemble/csvs_dwd_core_ensemble,ICHEC-EC-EARTH,CLMcom-CCLM4-8-229,rcp45,r12i1p1,v1,2021-01-01,2099-12-31,FALSE,FALSE,TRUE,TRUE,TRUE,FALSE,FALSE,TRUE,FALSE,TRUE,FALSE,FALSE,FALSE,,,1,100_256_230_100_267_25,historic_runs,Brandenburg
215,TRUE,fixed,auto,RYE,sim.json,crop.json,site.json,FALSE,dwd_core_ensemble,dwd_core_ensemble/csvs_dwd_core_ensemble,ICHEC-EC-EARTH,CLMcom-CCLM4-8-230,rcp85,r12i1p1,v1,2021-01-01,2099-12-31,FALSE,FALSE,TRUE,TRUE,TRUE,FALSE,FALSE,TRUE,FALSE,TRUE,FALSE,FALSE,FALSE,,,1,100_256_230_100_267_25,historic_runs,Brandenburg
216,TRUE,fixed,auto,RYE,sim.json,crop.json,site.json,FALSE,dwd_core_ensemble,dwd_core_ensemble/csvs_dwd_core_ensemble,ICHEC-EC-EARTH,CLMcom-CCLM4-8-231,rcp26,r12i1p1,v1,2021-01-01,2099-12-31,FALSE,FALSE,TRUE,TRUE,TRUE,FALSE,FALSE,TRUE,FALSE,TRUE,FALSE,FALSE,FALSE,,,1,100_256_230_100_267_25,historic_runs,Brandenburg
217,TRUE,fixed,auto,RYE,sim.json,crop.json,site.json,FALSE,dwd_core_ensemble,dwd_core_ensemble/csvs_dwd_core_ensemble,ICHEC-EC-EARTH,CLMcom-CCLM4-8-232,rcp26,r12i1p1,v1,2021-01-01,2099-12-31,FALSE,FALSE,TRUE,TRUE,TRUE,FALSE,FALSE,TRUE,FALSE,TRUE,FALSE,FALSE,FALSE,,,1,100_256_230_100_267_25,historic_runs,Brandenburg
218,TRUE,fixed,auto,RYE,sim.json,crop.json,site.json,FALSE,dwd_core_ensemble,dwd_core_ensemble/csvs_dwd_core_ensemble,ICHEC-EC-EARTH,CLMcom-CCLM4-8-233,rcp45,r12i1p1,v1,2021-01-01,2099-12-31,FALSE,FALSE,TRUE,TRUE,TRUE,FALSE,FALSE,TRUE,FALSE,TRUE,FALSE,FALSE,FALSE,,,1,100_256_230_100_267_25,historic_runs,Brandenburg
219,TRUE,fixed,auto,RYE,sim.json,crop.json,site.json,FALSE,dwd_core_ensemble,dwd_core_ensemble/csvs_dwd_core_ensemble,ICHEC-EC-EARTH,CLMcom-CCLM4-8-234,rcp45,r12i1p1,v1,2021-01-01,2099-12-31,FALSE,FALSE,TRUE,TRUE,TRUE,FALSE,FALSE,TRUE,FALSE,TRUE,FALSE,FALSE,FALSE,,,1,100_256_230_100_267_25,historic_runs,Brandenburg
220,TRUE,fixed,auto,RYE,sim.json,crop.json,site.json,FALSE,dwd_core_ensemble,dwd_core_ensemble/csvs_dwd_core_ensemble,ICHEC-EC-EARTH,CLMcom-CCLM4-8-235,rcp85,r12i1p1,v1,2021-01-01,2099-12-31,FALSE,FALSE,TRUE,TRUE,TRUE,FALSE,FALSE,TRUE,FALSE,TRUE,FALSE,FALSE,FALSE,,,1,100_256_230_100_267_25,historic_runs,Brandenburg
221,TRUE,fixed,auto,RYE,sim.json,crop.json,site.json,FALSE,dwd_core_ensemble,dwd_core_ensemble/csvs_dwd_core_ensemble,ICHEC-EC-EARTH,CLMcom-CCLM4-8-236,rcp85,r12i1p1,v1,2021-01-01,2099-12-31,FALSE,FALSE,TRUE,TRUE,TRUE,FALSE,FALSE,TRUE,FALSE,TRUE,FALSE,FALSE,FALSE,,,0.73,100_256_230_100_267_25,historic_runs,Brandenburg
